Stylized Text,Neutralized Text
"Up until now we’ve basically just discussed text based platforms.

Why? 

Because everyone consumes media differently. Some people like video, some people like short form, some people love to read snippets, some people love to read books.

And getting people from text based platforms to our newsletter has the least friction: we know they already consume media that way and they’re simply opting in to consume more of that.

Little friction.

The reason we’re not really going to cover short form is because there is a lot of friction. 

You can deliver a lead magnet to people who consume your short form quite easily. But at that point it’s probably just better to sell them something else through the platform itself.

It’s going to be much easier to convert a lead through DMs than to take them to your newsletter, nurture them…

And if you want to monetize the newsletter itself through like affiliate marketing or memberships then I think you’re probably better off monetizing your short form traffic in a different way.

So… short form is a nono in my opinion for newsletter marketing.

Now, notice I’m saying short form and not video.

And that’s because I do still believe that YouTube is an incredibly effective way to build your brand even for newsletters.

The thing with long form content is that it’s way less about volume than it is about connection.

Long form content builds connection and you can create true fans.

There was a really good article in 2008 called 1000 true fans. It sort of anticipated what we’re seeing today: businesses with really small audiences that are absolutely killing it.

The concept still stands: you just need a few people who love everything you do in order to be successful.

And YouTube is the single best way to build that core audience.

That’s because it creates parasocial relationships.

That’s where one side becomes emotionally invested in the other person as if they had a relationship, while the other person doesn’t even know they exist.

It’s what you see when celebrity groupies say they’re in love with whatever singer.

When people consume your long form content they get to see your personality, they see you as if it were in real time, and they can connect with you.

There’s a lot of psychological dimensions to this that we don’t have to explore.

But one of the maxims of sales is that people often buy emotionally, not logically.

So they buy from someone they like, for example.

Another notion we’ve seen is branding is association. So people craft positive associations with your brand over time.

Another element at play is that, as they consume your content, they slowly position you as an authority and expert in the given field.

And the more you prove your expertise the more that’s accentuated.

So there’s a lot of benefits to YouTube, you get it.

And there isn’t necessarily as much friction as with short form, cool.

So how do you take advantage of it?

The first thing is niche. 

The same concepts we went through in how to find a niche for a newsletter apply here. 

Do not try to shift anything to try and get more views.
Trust me, I’ve run a bunch of YouTube channels for me and my clients and chasing views is death.

Unless you’re an entertainer, YouTube is for connection.

With this I mean, do not be afraid to make videos that are a niche within a niche within a niche.

If you’re providing value and that’s what you’re an expert in, people with that problem will find you and love you for it.

Okay, so once you realize your videos don’t need to chase views, here is what you need to understand:
What videos to post
Title
Thumbnails
How often to post
Converting to your newsletter

It may sound like a lot, but let’s break it down.

In terms of what videos to post we’re going to use the exact same strategies we used for our blog posts.

We won’t be relying on our creativity to decide these videos, we’ll be looking at the data.

As always, we’re trying to fill a gap in the market, so what you’re going to do is go on VidIQ. VidIQ is a software which lets you find video topics and ideas the same way SEMrush allowed us to find blog post ideas.

We’ll cover VidIQ more in the next lesson.

But what you need to know for now is that, if you want to leverage YouTube correctly, you’ll have to go in here and get your hands dirty.

You need to find around 100 video ideas that have a good VidIQ score.

A good score, again, means that there is a high demand but not too much supply, which means that there is a gap in the market that you can fill.

It means people are searching for a specific keyword but you wouldn’t have too much trouble ranking highly on that keyword.

So in terms of what a good score is, I’d say anything over 60 is good.

So that’s how you find what videos to post.

Not only that, but because we’re relying on search based traffic, this process also tells us exactly what our title should be.

Now, in terms of thumbnails, since you’re building your brand I recommend having your face in all thumbnails.

The easiest way to see what works is by A) Copying and B) Testing.

There is a feature within YouTube itself that allows you to post multiple thumbnails for each video and YouTube will test what works.

When you’re copying you can look at top players like Mr Beast but you should also copy people within your niche.

To find thumbnails for videos that are similar to yours you can use Viewstats. There you can just type certain keywords and videos with relevant thumbnails will come up.

Now how often to post.

Okay… if you want to maximize YouTube I recommend you post a lot. At least at first.

The beauty with this approach is that once you post a video it becomes an asset.

That’s because you’re not relying on all your traffic coming from browsing, but from searching. And searches are recurring in that they happen every month.

So that’s great.

However, when you’re first starting your channel you’re training the algorithm to know who to target.

In that way YouTube rewards consistency as it’ll be able to tell what your channel is about and who it should be shown to.
So, if you’ve never posted on YouTube before, I recommend you don’t post until you have like 8 or 9 videos recorded, edited, and ready to post.

Then you can post those everyday or every other day for a week or two and suddenly your channel will look like a normal channel and YouTube will be able to start getting a sense of your audience.

Lastly, how do we relate all this back to our newsletter?

Luckily this is super simple.

The easiest way is just to have some sort of lead magnet that solves the same problem they clicked on the video and offer that in exchange for their email.

You can also ask people to subscribe to your newsletter but that isn’t as clear of a value proposition and people are sort of desensitized to these sorts of CTAs. They’re heard them millions of times.

So if you want to have the absolute highest conversion rate I recommend creating a killer lead magnet.

We’ll talk about those in the next lessons.

One last nugget I recommend for your videos themselves is to use the same principles we used for writing: value, conciseness, and getting to the point.

Don’t spend minutes telling them what you’re going to tell them.

Spend 8 seconds hooking them and telling what the video will be about and then GET TO IT.

Actually. Forget about manners, forget about intros, just get to it.

People are there to solve their problem. They don’t care about you and they don’t care about being greeted.

Sounds a bit harsh but it’s to get my point across.

Anyways, that’s how to leverage long form content which I think should be the core of any branding or organic traffic strategy today.
In the next lessons we’ll cover VidIQ in detail and… it’s time to talk about how to create them lead magnets.

","Up until now, we have primarily discussed text-based platforms.

Why? 

Because different people consume media in various ways. Some prefer video, some prefer short-form content, some enjoy reading short pieces, and some prefer reading books.

Directing people from text-based platforms to a newsletter involves minimal effort: they already consume content in this format and are simply opting to receive more.

Minimal friction.

We are not covering short-form content extensively because there is significant friction involved. 

Delivering a lead magnet to those who consume short-form content is straightforward. However, it may be more effective to sell directly through the platform instead.

It is easier to convert a lead through direct messages than through nurturing them via a newsletter.

If the goal is to monetize a newsletter through strategies like affiliate marketing or memberships, it may be more effective to monetize short-form traffic differently.

Thus, short-form content may not be ideal for newsletter marketing.

It is important to note that this refers to short-form content, not video content.

YouTube remains an effective way to build a brand, even for newsletters.

Long-form content emphasizes connection more than volume.

Long-form content builds connections and cultivates genuine followers.

There was an influential article in 2008 titled ""1000 True Fans"" that highlighted this concept: small audiences can be highly profitable.

The idea remains relevant: success requires only a few highly-engaged followers.

YouTube is one of the best ways to foster such an audience.

This is due to the formation of parasocial relationships.

This occurs when one party becomes emotionally invested in the other as if in a relationship, despite no mutual recognition.

This is similar to celebrity fans expressing strong admiration for a public figure.

When people engage with long-form content, they perceive the creator's personality, seeing them as if in real-time, which fosters connection.

There are many psychological elements to consider.

A key idea in sales is that purchases are often emotional, rather than logical.

Consumers are influenced by a liking for the seller, for instance.

Additionally, branding involves crafting positive associations with a brand over time.

Another factor is that, as the audience consumes content, the creator is increasingly seen as an authority in their respective field.

The more expertise is demonstrated, the more this perception is reinforced.

Therefore, YouTube provides numerous benefits.

And it introduces less friction than short-form content.

How can these benefits be maximized?

The first step is to identify a niche.

The same principles for finding a niche for a newsletter apply here.

Do not change content solely to increase views.

Experience with managing multiple YouTube channels suggests that pursuing views can be detrimental.

Unless the focus is entertainment, YouTube should foster connection.

This means being open to making niche content.

Providing value in an area of expertise will attract those seeking solutions in that area.

Once the aim shifts from seeking views, consideration of what content to post is crucial:
- Content topics
- Titles
- Thumbnails
- Posting frequency
- Newsletter conversion

While this may seem extensive, it can be simplified.

Determining content topics can use the same strategies as for blog posts.

Rather than relying on creativity, data will guide the choice of topics.

The goal remains to address a market gap, so using tools like VidIQ—similar to SEMrush for blog ideas—is recommended. 

VidIQ will facilitate uncovering suitable topics with potential audience interest.

The next lesson will cover VidIQ more comprehensively.

For now, understand that to effectively leverage YouTube, in-depth engagement with VidIQ is required.

It is important to identify approximately 100 video ideas with high VidIQ scores.

A good score signifies high demand with insufficient supply, indicating a market gap.

This implies there is active search for specific keywords, and achieving high keyword ranking is feasible.

A score above 60 is considered good.

This approach identifies suitable video topics.

Additionally, utilizing search-based traffic outlines appropriate titles.

In terms of thumbnails, brand building suggests including a recognizable face in all images.

Testing and copying are effective methods.

YouTube offers a feature for testing multiple thumbnails per video.

Analyzing top creators and those within the same niche can inform thumbnail strategies.

Viewstats can help identify relevant thumbnails through keyword searches.

Regarding posting frequency:

For maximum efficacy on YouTube, frequent posting is recommended initially.

This strategy turns each video into an asset.

This is because the traffic relies on recurring searches, not merely browsing.

However, when first establishing a new channel, consistency helps train the algorithm to target the right audience.

YouTube rewards consistent posting by better understanding the channel's focus and audience.

First-time YouTube users may benefit from preparing 8 to 9 videos before posting.

Posting these consistently over short periods helps the channel appear more established and aids algorithmic recognition of the audience.

Finally, relating this approach back to newsletters:

Integrating a lead magnet that addresses the issue prompting the video click is an effective technique.

While soliciting newsletter subscriptions is a viable option, offering tangible solutions is more appealing.

For highest conversion rates, crafting compelling lead magnets is recommended.

This topic will be covered in subsequent lessons.

Lastly, apply writing principles to video creation: prioritize value, conciseness, and directness.

Avoid lengthy introductions and state the video’s purpose quickly.

Viewers are there for solutions and are indifferent to prolonged greetings.

Although direct, this approach emphasizes key points.

Ultimately, leveraging long-form content should form the basis of branding and organic traffic strategies.

Future lessons will address VidIQ in detail and cover lead magnet creation."
"You’ve probably heard that niching down is crucial and imperative.
Why? Well, niching down tends to be more polarizing: some people really gravitate to you and your content, while for others it becomes irrelevant.
This might seem like something undesirable because we want more subscribers, we want more people to be interested in us.
But this is a trap many, many, many people fall into.
Because while we do want more leads, what we mainly want is more quality leads.
So, we want to be putting out a message that reaaaaally applies to a percentage of the population, which, by contrast, will reaaaaally not apply at all to the rest.
Let me give you my go-to example:
If you market yourself as an agent for one-arm jugglers, you’re going to do well in that market, trust me.
Think about it. If people see you do only that, they’ll recognize you as an absolute expert. They’ll know you understand their struggles profoundly because that’s the world you’re familiar with.
It’s silly, but it makes sense—most people won’t care, but the people that do have an extremely high likelihood of becoming your subscribers.
So, by now it should be clear—niching down is good. Don’t try to be too greedy; appeal to a specific segment of the population.
But how do we pick that segment?
Well, before we dive into the “how,” let’s quickly break down what a niche actually is.
A niche is basically a specialized segment of the market focused on a particular topic or interest. It’s where your unique expertise, your passion, and market demand intersect.
Finding this sweet spot is both an art and a science.
First step: Look inward. What are your strengths? What specific knowledge or skills do you have that people would actually want to read about? Don’t be afraid to get specific. Generalists are everywhere; specialists stand out.
Next, consider your passions. If you’re genuinely interested in your niche, you’ll be able to write consistently without burning out. Plus, that passion will come through in your writing, which helps you connect with readers.
Finally, look outward. If there’s no demand for what you’re writing, it’s a hobby—not a niche. Do some market research. Are there enough people interested in your topic? What’s the competition like? Sometimes, the best opportunities are in underserved sub-niches within larger markets.
Here are some quick strategies to help you find your niche:
Identify Problems: Every successful newsletter solves a problem. Check forums, social media groups, and review sites to see what issues your audience faces.
Keyword Research: Use tools like Google Keyword Planner or Ubersuggest to see what people are searching for. Look for patterns and gaps in the market.
Competitor Analysis: Study other newsletters in your space. What do they do well? What are they missing? Find a gap and own it.
Trend Analysis: Use Google Trends to assess the popularity of topics in your niche. Some niches are evergreen, while others are seasonal—both can work.
Surveys and Interviews: Don’t guess. Ask your potential audience what they need through surveys or direct conversations.
Validate Your Idea: Before going all in, test your niche with a minimal viable version of your newsletter. This could be a few test issues or a limited launch to get feedback.
Now, that’s a quick survey of what works, but let me drive home some key points.
Remember what we said in the last lesson: people want value. And value is solving one’s problem. It can either be a knowledge problem or a boredom problem.
A knowledge problem is solved with education, a boredom problem is solved with entertainment.
So, the easiest way to find a problem that you can solve is to think: what problems have I solved for myself?
 It’s quite likely you have something that you’re really an expert in. And don’t shy away from a niche because you feel like it’s too specific.
Nowadays people find success by being an expert in a niche within a niche within a niche.
And the truth is that, if that’s what you’re going for, you will have an uncopyable niche. You will very quickly become the go-to expert in your field because you’re basically the only one talking about it.
For instance, I’ve been on Udemy for years and have learned a lot of insights about course creation. 
If I were to start a newsletter, I could either start it about course creation, where there are infinite creators. Or I could start it about course creation on Udemy and how to grow your account on Udemy. I could target my newsletter specifically to Udemy instructors. 
There I’m basically one of the only people talking about it, and I know by experience people very quickly want to listen to my Udemy advice because of this.
So, find a niche where you have solved a problem for yourself already. Only then should you start doing market research, searching trends, etc. 
Now, remember: choosing a niche isn’t a lifetime sentence. You’re not binding yourself in anyway. Don’t be a victim to analysis paralysis and have this process prevent you from taking action. Pick something and start.
Markets evolve, and so do your skills and interests. Your niche today might not be your niche five years from now—and that’s perfectly fine. The key is to start with a clear focus, build authority, and pivot if needed.
So, to wrap it up: niching down is the key to standing out in today’s world where there are plenty of newsletters, especially for basic topics. It’s all about connecting what you’re great at and passionate about with what people actually want to read. When you get that right, you become the go-to person in your space.
In the next lesson, we’ll dive into defining your ideal reader profile—because once you know your niche, you need to know exactly who you’re writing for.

","Niching down is often emphasized as important. Why? Niching down can be polarizing: some people strongly connect with your content, while for others it becomes irrelevant. This might seem undesirable because it may reduce the number of subscribers. However, while we do want more leads, primarily we seek quality leads. Therefore, it's beneficial to convey a message that strongly appeals to a specific portion of the population, which will, by contrast, not appeal to the majority. Consider the example of marketing yourself as an agent for one-arm jugglers. In this niche, you are likely to be successful. People will see you as an expert with profound understanding of their needs. Although this may not interest most people, those interested are more likely to become your subscribers. Thus, it is clear that niching down is advantageous. Focus on appealing to a specific audience segment.

Before discussing the criteria for selecting this segment, let's define a niche. A niche is a specialized market segment focused on a particular topic or interest, where your expertise, passion, and market demand meet. Identifying this intersection is both an art and a science. 

The first step is self-assessment: Identify your strengths and specific knowledge or skills that people would be interested in. Be specific. Generalists are common; specialists are distinctive. Consider your interests as well. If you are passionate about your niche, you can consistently produce content without burning out. This passion will also help you connect with readers. 

Finally, consider the market demand. Without demand, it's a hobby, not a niche. Conduct market research to determine if there is sufficient interest in your topic and assess the competition. Often, the best opportunities are found in underserved sub-niches within larger markets.

Here are strategies to help find your niche:

- Identify Problems: Successful newsletters solve problems. Use forums, social media groups, and review sites to understand audience issues.
- Keyword Research: Use tools like Google Keyword Planner or Ubersuggest to identify searched topics and market gaps.
- Competitor Analysis: Analyze other newsletters in your area. Identify strengths and weaknesses to find a gap you can fill.
- Trend Analysis: Use Google Trends to evaluate topic popularity. Evergreen or seasonal niches can both be viable.
- Surveys and Interviews: Ask your potential audience about their needs through surveys or direct conversations.
- Validate Your Idea: Test your niche with a minimal viable version of your newsletter to gather feedback.

Key points to remember include focusing on providing value, which involves problem-solving through either education or entertainment. To find a problem you can solve, reflect on problems you have solved for yourself. You likely have expertise in a specific area. Don't be deterred by a niche's specificity. Success can come from being an expert in a very specific niche, making you an authoritative figure because few discuss it.

For example, experience with course creation on Udemy could lead to a focused newsletter for Udemy instructors. Few cover this area, making your expertise valuable.

Choose a niche where you’ve already solved a problem for yourself. Afterward, conduct market research and examine trends. Remember, selecting a niche isn't permanent. Avoid analysis paralysis and take action. Your current niche may change over time based on market evolution and your changing skills and interests. Begin with a well-defined focus, build expertise, and adapt when necessary.

In conclusion, niching down is crucial for standing out, especially in a crowded market with common topics. It involves aligning your expertise and passion with what people want. Achieving this positions you as a key figure in your field. In the next lesson, we'll explore defining your ideal reader profile, essential after identifying your niche."
"Now it’s time to get into how to grow your newsletter through social media.

We’re going to cover a lot of different ways to do this.

And the truth is you by no means have to use all of them, you just really just need to figure out one or 2 that work consistently and you’ll have an evergreen pipeline of readers.

So, the first one we’re going to cover is LinkedIn.

LinkedIn is great for newsletters because it’s a text based platform and, in a way, there is a low barrier to entry.

The nice thing about LinkedIn is that you can post your article directly on the platform as it is.

So, instead of having to create content specific for the platform as you’d have to do with video-based platforms, you can reuse your articles directly on LinkedIn.

This is what Gary Vee does, for example. 

If you don’t know Gary Vee he’s known for divulging business content.

He speaks about business, investment, etc. and he’s amassed a pretty substantial following.

If you go on his site you’ll see that one of the very first things there if you scroll a little is his newsletter.

This emphasizes how valuable a newsletter is because, once again, it allows you to take ownership of the attention you get and become independent of platforms.

If someone like Gary Vee is doing it, we probably should be too.

Okay, but we’re here to talk about LinkedIn.

So, the thing this man and people of his caliber are masters at is repurposing content and repeating the same things in different formats.

For example, Gary Vee just takes the articles from his newsletter and posts them directly on LinkedIn as they are.

Take a look at this article about live shopping.

It’s basically just his newsletter entry from that week.

And if we click on his LinkedIn profile, what do we see?

One of the main CTAs is “view my newsletter.”

Now, this CTA takes you to his LinkedIn newsletter: LinkedIn 360.

So Gary Vee keeps his newsletter within LinkedIn itself. This has pros and cons. The pros are: there is less friction, which means a higher percentage of people will subscribe because they don’t have to leave the platform.

Also, the element of virality we discussed is enhanced. Instead of having to rely on people to share the newsletter, if a post does well the platform will share the newsletter.

LinkedIn is the only platform where this is the case and that’s because it’s text-based and “long form” when compared to other text based platforms.

The cons are that he doesn’t quite have the platform-independence we’ve been discussing.

Either way, he gets to repurpose his content and grow his newsletter on LinkedIn.

Alright, let’s look at another GOAT: Alex Hormozi.

If you don’t know him, similar sort of profile to Gary Vee. He posts content about growing your business and basically talks anything business related.

Hormozi’s approach is slightly different, so let’s break it down.

Hormozi uses text based platforms like LinkedIn and Twitter to test and validate ideas.

He personally does all his tweets and LinkedIn posts, and usually keeps them really short and to the point.

So, given he posts on LinkedIn way more often than he sends out newsletters, LinkedIn serves him as a filter to see what content is really resonating with his audience.
So this goes back to the very core principles we discussed. You have to have a proper sense of your ICP and you have to constantly validate and evaluate this sense.

When the time comes for him to write his newsletter, he has plenty of posts and can see which ones did better than others and what he can use. This lets him know what he should be making longer form content on at all times.

Now, the value proposition for his newsletter is slightly different than his social media as he tends to post data that he’s gathered from running his businesses. 

Every now and then in his LinkedIn posts he’ll have a CTA to access his newsletter.

Also, you’ll notice his profile does not have a CTA like Gary Vee’s to visit his newsletter, but instead is his site.

And what do you see when you click his site?

Immediately a free lead magnet in exchange for your email.

And I think we know what you’ll be receiving in your inbox…

So, there are a bunch of strategies you can use when using LinkedIn to grow your newsletter.

Let’s recap what we just talked about so it’s clear: 
You can post your newsletter articles as articles within LinkedIn itself
You can then either direct that audience to sign up for your newsletter - more friction and more ownership. Or direct them to sign up for your newsletter on LinkedIn - less friction, less ownership.
You can use LinkedIn to make smaller posts and validate your ideas. The ones that work best you can then develop into a full fledged article or mix and match different ones that worked well. The beauty about this one is that, in the process, you’ll be growing your audience which can then be directed to your newsletter.

Now, here’s the absolute beauty about LinkedIn. 

Let’s say you take your time to make a valuable and detailed post about someone with a larger audience.

You maybe highlight something you love about their content, something you learned from them, or something like that.

And you tag them.

If that person interacts with your post in some capacity, there is a pretty high likelihood your post will benefit from that person’s audience.

Here’s why. First because of basic virality notions. You’re speaking about someone who is better known so it might be interesting to more people.

Second, because of the algorithm, I believe if LinkedIn sees people with a larger following interact with your post it has a higher chance of being shown to others.

And third and most important, because if they do interact, LinkedIn directly shows that to part of their audience.

This happens in two ways: 1) the post can appear on the feed of the people who follow that person depending on how closely they follow and 2) One of the main things you can browse through on a person’s profile is their comments. So if people are browsing through someone’s comments they will see they commented on your post.

You might think this is silly or that not a lot of people do that, but let me show you.

We spoke about Alex Hormozi so this example is perfect.

This guy Jonathan made a post about how he used to work with Alex Hormozi at Smoothie King.

He tagged Hormozi, Hormozi commented, and the post received way more engagement than any of his other posts.

Now, let’s break down the post slightly. He didn’t just say “I used to work with this dude.”

He said that, a cool fun fact that hooks you.

And then he shared a specific thing he appreciates about Hormozi’s philosophy. It’s something he resonates with and then gives his own take on it.

And he shares Hormozi’s video. That’s also nice because you’re showing the other person to your audience and it builds good faith.

So here would be the formula for this:
Hook with the tag.
Highlighting what you value about them/their philosophy/their content…
Giving your own take.
Sharing something of theirs
CTA if appropriate. 

Notice that we just broke down a super brief post.

However, this same formula could be used for an entire article for your newsletter.

You could dedicate an entire article to highlighting something about someone’s journey that either inspired you, or taught you something.

This really depends on your niche of course but the possibilities are endless. If your niche is some sort of cooking you could make a whole post about how this person’s recipes never miss. You could then mention your favorite, share a video of theirs where they show themselves doing it and end with your variation on it.

So, LinkedIn is one of the most organic way to grow your newsletter as it’s a text-based platform that allows for long form text so you could quite literally just post your entire newsletter articles there.

And, of course, there’s a bunch of other pros that we examined.

Now let’s move onto other ways of growing your newsletter.","The aim of this section is to explain how to grow your newsletter through social media, focusing on various approaches. Selection of one or two consistent methods is advisable to sustain readership.

The first method to discuss is LinkedIn, beneficial for newsletters due to its text-based nature and low entry barriers. LinkedIn allows direct article posting without unique platform-specific content creation, as is required by video-focused platforms. An example is Gary Vee, notable for business content, who effectively utilizes LinkedIn for his newsletter promotion. On his website, his newsletter is prominently displayed, highlighting its importance in gaining controlled attention independent of platforms.

In discussing LinkedIn, it is noted that its strength lies in content repurposing and consistent message delivery across formats, demonstrated by Gary Vee's method of posting his newsletter articles directly on LinkedIn. LinkedIn’s design promotes newsletter engagement through integrated CTAs directing users to newsletter subscriptions. This method is less dependent on external sharing, as successful posts are circulated within the platform due to its text nature and long-form support, but lacks platform independence.

Another example is Alex Hormozi, who also shares business content. His approach on LinkedIn and Twitter involves short, direct posts to test and validate content ideas, refining them for longer-form newsletter content. His methodology aligns with core principles of understanding and evaluating audience interest. Hormozi’s newsletter offers internally gathered business data, with newsletter access CTAs occasionally featured in LinkedIn posts rather than as a main profile feature.

Multiple strategies exist on LinkedIn for newsletter growth, such as posting complete newsletter articles or directing users to ongoing platforms for sign-ups—balancing friction and ownership. LinkedIn can also serve as a tool for idea validation and audience development. For example, by making value-added, detailed posts about individuals with larger audiences and tagging them, their interaction can lead to increased post engagement.

This approach involves creating a hook with a tag, acknowledging the value of the person’s content or philosophy, offering a personal perspective, sharing their content, and including a CTA if applicable. This format can extend to complete newsletter articles, adaptable to any niche, such as cooking content, which could feature appreciation posts with shared recipes and variations.

Overall, LinkedIn is highlighted as a viable platform for organic newsletter growth through its support for text-based content and other discussed benefits. Further methods for newsletter growth will follow."
"This is the last of the theory lessons about marketing. They’re the only theory we’re going to have and it’s important for you to have the foundations of what to keep in mind. Getting it right at first will save you a loot of time in the future, and you can always come back to these. 
In this lesson we’re going to talk about identifying your Ideal Customer Profile, or ICP. 
Understanding your ICP is pivotal because it influences virtually every decision you make, from product development to marketing strategies, and even customer support.
Why is it important to find your ICP at all? 
Your ICP forms the cornerstone of your targeted marketing efforts. By defining who your ideal customers are, you can tailor your marketing messages, focus your advertising spend more effectively, and increase your ROI (return on investment). Marketing without understanding your ICP is like trying to hit a target in the dark; knowing your ICP brings the target into the light.
And, specifically in the realm of cold outreach, knowing your ICP is going to be essential in order for us to find the leads we’re going to be contacting in the first place. Remember, this is why we did an MVP in the first place, to be able to test our niche and find one where there are great leads who are receptive to our service. Now we want to define exactly what that lead looks like so we can get lead lists with hundreds of them and systematize the process. 
I’m going to be teaching you multiple strategies for compiling lead lists, but in order for those to be effective at all, we need to know who our target audience is that we want the emails of. 
As we’ve talked about in the previous lessons, knowing your ICP helps in shaping your service to meet the specific needs, desires, and pain points of your target market. This alignment between what you offer and what your ideal customer needs leads to higher satisfaction rates and repeat business - them paying you whatever retainer you agree on month after month.
Basically, if you have a grasp on who your ICP is and what you offer to them you’re not going to be falling in one of the most common traps in business. Most people make a product first and then try to find people who will buy it. However, as we’ve seen, the process should be the opposite: understanding an audience and their problems and then finding a unique solution for them. 
Again, even if you’ve already done this process, pinpointing your ICP and going through the steps in this lesson will make it much easier to craft compelling copy and find ideal leads to cold email and cold call in the next lessons of the course. 
In fact, if you’re strategic enough about your ICP it can significantly impact your conversion rate. Sometimes the difference between a successful campaign and one that fails is finding a customer demographic who isn’t bombarded by outreach, who will be receptive, and who will be open to hearing your solution. 
Improves Customer Retention
Customers who closely match your ICP are more likely to remain loyal to your brand because your offerings are precisely aligned with their expectations and needs. This alignment not only attracts the right customers but also retains them over time.
Strategies to Identify Your ICP
Now that we understand why it’s important, let’s explore some strategies to effectively determine your ICP.
1. Analyze Your Existing Customer Base
This probably doesn’t apply to the majority of you yet, but it very easily might make sense in the future. 
As I’ve said multiple times already, pivoting is essential, and you’ll probably find yourself pivoting your niche and service a couple of times at least slightly. You can use those times to further define your ICP and be more precise with who you target. 
Look at your current customers, especially those who are repeat buyers or who generate the most revenue. What common characteristics do they share? Analyzing data such as demographics, purchase behavior, and customer feedback can reveal patterns that define your most valuable customers.
2. Conduct Market Research
Engage in qualitative and quantitative research to gather more insights about potential customers. This can involve:
Surveys and Interviews: Directly asking potential customers about their needs, preferences, and buying behavior.
MVP: in other lessons we discussed the idea of a minimum viable product, or even starting marketing efforts for a product we want to validate in the market. This might be a good idea to test your assumptions about your ICP.
3. Create Detailed Customer Personas
From the data collected, draft detailed personas that represent your ideal customers. These should include demographic details, interests, behavioral traits, and motivations. Personas help visualize the ideal customer, making it easier for your marketing and sales teams to recognize and target them.
Some of my clients go as far as drawing their personas out, giving them names, giving them a backstory… 
I’m not sure how helpful that is, but it might be worth exploring. 
Let me remind you, however, that your ICP can and will change over time and you should be open to this, so don’t go too deep into this process. 
4. Look at Industry Trends
Stay updated with industry reports and trends. Understanding the broader market dynamics can help you refine your ICP to better match the evolving landscape.
Another good way of validating your ICP and offer is using tools such as Google Trends. 
5. Leverage Competitor Insights
Analyze your competitors. Who are they targeting? Understanding your competitor’s customer base can provide insights into who your ICP might be, especially if they are successfully tapping into a particular segment of the market.
Honestly, this is one of the most effective strategies you can employ. 
I see so many aspiring entrepreneurs fixated with the idea of distinguishing themselves and being unique, but that’s often not the best strategy until you’ve accumulated some business acumen. 
At first just copy what is there and once that’s working you can start improving on it and refining it. But the idea of trying to be unique right away often makes people fall into the trap of doing something new that might not necessarily be in demand. 
Like Dali said: good artists copy, great artists steal. 
Examples from Famous Businesses
Apple Inc.
Apple’s ICP revolves around tech-savvy individuals who value aesthetics, innovation, and high-quality design. This understanding influences their product design, marketing strategies, and even store layouts, all tailored to appeal to this specific group.
Harley-Davidson
Harley-Davidson targets middle-aged men who seek not just a motorcycle, but a lifestyle symbolizing freedom and a sense of rebellion. This clear ICP definition helps them in crafting highly targeted advertisements and community-building activities.
HubSpot
HubSpot focuses on small to medium-sized businesses looking to scale their operations efficiently. This clarity allows them to create highly relevant content and tools that attract and convert this specific demographic.
Exercise: Define Your Own ICP
Now, it’s your turn to define your ICP:
Step 1: Gather data from your current customer base and market research.
Step 2: Identify patterns and common characteristics.
Step 3: Create a detailed (but flexible) persona for your ideal customer.
Step 4: Validate this persona by engaging with potential customers and collecting feedback.
Remember to remain open to shift your assumptions as you encounter new information about your customer base. 
Identifying and understanding your Ideal Customer Profile is not just an exercise; it’s a strategic foundation that enhances every aspect of your business. 

With a well-defined ICP, you're better equipped to meet the needs of your customers, leading to greater satisfaction, loyalty, and business growth. 

In our next lessons we’ll see how all of these things we’ve been trying to find and define: our niche, our offer, and our ICP, will catalyze the process of crafting effective copy in our cold emails. 

","This is the final theory lesson about marketing. These are the only theoretical components of the course, and having a solid understanding of them is essential. Establishing a strong foundation will save time in the future, and the material can be revisited as needed.

In this lesson, we will discuss identifying your Ideal Customer Profile (ICP). Understanding your ICP is crucial because it affects decisions regarding product development, marketing strategies, and customer support.

Why is identifying your ICP important? Your ICP is the foundation of your targeted marketing efforts. By defining your ideal customers, you can tailor marketing messages, optimize advertising spend, and improve ROI (return on investment). Marketing without understanding your ICP is akin to aiming at a target in the dark; identifying your ICP illuminates the target.

In the context of cold outreach, knowing your ICP is crucial for identifying the leads to contact. Initially, we conducted a Minimum Viable Product (MVP) to test niche markets and identify receptive leads. Now, we aim to precisely define these leads to streamline the lead generation process. 

We will explore multiple strategies for compiling lead lists, but success with these strategies requires knowledge of the target audience. As discussed in previous lessons, understanding your ICP helps tailor your service to meet your target market's specific needs, desires, and challenges. This alignment enhances customer satisfaction and encourages repeat business. 

If you understand your ICP and offer, you will avoid a common business pitfall: focusing on product creation before identifying the audience. The process should be reversed—understand the audience and their problems before developing a solution. 

Even if you have previously undertaken this process, refining your ICP will aid in writing effective copy and identifying suitable leads for cold emails and calls in subsequent lessons.

Strategic consideration of your ICP can significantly improve conversion rates. Identifying a receptive and less targeted demographic can differentiate successful campaigns from unsuccessful ones.

Improves Customer Retention: Customers aligned with your ICP are more likely to remain loyal to your brand because your offerings match their expectations and needs. This alignment helps attract and retain suitable customers.

Strategies to Identify Your ICP:
1. Analyze Your Existing Customer Base: Though not applicable to most initially, it may become relevant later. Adjusting your niche and service over time will help further define your ICP. Examine your current customers, particularly repeat buyers or high-revenue generators. Identify common characteristics through data analysis, including demographics, purchase behavior, and feedback.

2. Conduct Market Research: Engage in research to gather insights about potential customers. Utilize surveys and interviews to understand needs and buying behavior. The concept of an MVP, as previously discussed, can test assumptions about your ICP.

3. Create Detailed Customer Personas: Use collected data to create detailed customer personas, including demographic information, interests, behavioral traits, and motivations. Personas help visualize the ideal customer for targeted marketing and sales.

4. Look at Industry Trends: Stay informed with industry reports and trends to refine your ICP. Using tools like Google Trends can validate your ICP and offerings.

5. Leverage Competitor Insights: Analyze competitors to understand their target demographics. This analysis can provide insights into your ICP, especially if competitors successfully engage a specific market segment.

Examples from Notable Businesses:
- Apple Inc.: Targets tech-savvy individuals valuing aesthetics and innovation, influencing product design and marketing.
- Harley-Davidson: Targets middle-aged men seeking a lifestyle symbolizing freedom and rebellion.
- HubSpot: Focuses on small to medium-sized businesses aiming to scale efficiently, guiding their content and tools.

Exercise: Define Your Own ICP
1. Gather data from current customers and market research.
2. Identify patterns and common characteristics.
3. Develop a detailed, flexible persona for your ideal customer.
4. Validate this persona through engagement and feedback.

Remain open to adjusting your assumptions based on new customer insights. Identifying and understanding your Ideal Customer Profile is a strategic foundation that enhances all business aspects.

A well-defined ICP aligns your offerings with customer needs, leading to increased satisfaction, loyalty, and growth.

In future lessons, we will explore how defining your niche, offer, and ICP will facilitate effective cold email copy creation."
"In the last few lessons we’ve been answering a whole lot of questions: who are we going to market, what are we going to market them, what problems are we going to solve etc. 

This is the last lesson on all this planning we have to do and it’s the cherry on top, it’s where we get to decide how much we’re going to charge and how to go about pricing. 

One of the most appealing things of this model is the retainer - once you get a client, you get paid every month, and agency clients tend to average around 6 months of lifespan, which is pretty nice. 

This, as we’ve talked about, means that if you get 3-10 high ticket clients, you’re basically living a pretty nice, comfortable agency life. 

But how much exactly should you charge and how should you go about mentioning the price etc? 

Well, first thing I want to talk about is some econ terminology. In economics there is the notion of price discrimination. 

This is basically the idea that if you could, to maximize your profit you should price discriminate, meaning charge each customer as much as they’re willing to pay. 

This, of course, can’t be done in most businesses. Imagine you grab an item in a store and the cashier told you you have to pay double because it’s worth more for you than another person. Doesn’t work. 

However, in our business model, in a drop servicing business, this works swimmingly. 

So, instead of having a strict, fixed price that you’re going to use with every client of yours, we’re going to try to price discriminate as much as possible. 

This means that, when we’re going through our sales calls and we’re getting information about their business, we’re going to adjust what our retainer is according to their success and their willingness to invest. 

Here the fact that we work with a 2 call model is ideal, because it means we can have the first call where we collect information, and make a decision on the price for the next call. 

Now, let’s talk specifics and look at how much you should expect to be charging. Naturally, it depends on the service you’re going with, but you should know that even from the start you can expect to charge anywhere from a couple hundred to $2,500 a month. 

I know these numbers can seem pretty high, but to a relatively successful business that is convinced you’re bringing them enough value, they won’t be, they’ll make sense. And naturally you’re not going to go for that highest retainer with a client that’s barely making profit. 

Just for reference though, my first client in my agency was a woman who was doing coaching on the side and was quite wealthy with her main job, so she was actually quite happy to pay $2,500 a month. It really can be that easy sometimes. 

However, most of the time you’re probably going to be charging somewhere between $500 to $1,200 a month when you’re starting out. 

Now, there’s a loooot of options here about framing and introducing these prices. 

For starters, nowadays the market is so saturated that it’s pretty hard to sell a service like ours with no guarantee or some special offer unless you have very impressive results. 

So, if your service allows for it, I would recommend you include a guarantee with your offer. 

Again for reference, when I was starting out with my drop servicing business I offered 15 qualified leads within 30 days or they wouldn’t pay me a penny. 

Now, if you know a bit about lead generation you know that 15 qualified leads is really not a lot, and that doesn’t necessarily mean they’ll get their money back, but it was enough to feel like a security net and make it seem like I was very confident in my abilities. 

A lot of services don’t necessarily favor this sort of guarantee offer, so there is something else you can consider for every service: paid trials. 

Paid trials are essentially a midpoint between a guarantee and a normal retainer. 

It’s essentially a lower investment way to get people to agree to work with you. 

The idea is simple - they pay you a lower fee the first month for you to set everything up and deliver some results, and then starting the second month they pay you full price. 

I’m not a big fan of free trials at all, but this sort of pricing can work pretty well. 

Another thing you can do which, again, depends on the service but can be really nice is a revenue share model. 

This means that you get a cut of whatever revenue you generate for your clients. 

This can, of course, be risky, as you might not get anything from the revenue share if you don’t get results. 

But it inspires a lot of confidence in your clients knowing that you have skin in the game, and if you get them good results it could make you a lot of money as well. 

For reference, in the beginning of my agency I offered
$1,200 upfront
Or $800 upfront and 6% of the revenue I generated
Or $500 upfront and 12% of whatever I generated for them. 

Alright, well there are a few ways to price your services and strategies to frame pricing in a manner that will make clients feel confident, at ease, and like the investment is not too much of  a risk or a jump.

Remember to gauge as much as you can from your initial call with your clients so you can see how much you can price discriminate. and don’t be afraid to propose higher retainers if it seems like it would make sense. 
","In the recent lessons, we have been addressing several questions: who are our target customers, what products or services will we market to them, what problems will we solve, etc.

This is the final lesson on our planning process, focusing on deciding our pricing strategy.

A key aspect of this model is the retainer—once a client is acquired, there is a steady monthly payment, with agency clients typically maintaining a relationship for about six months.

This implies that securing 3-10 high-value clients can lead to a stable agency environment.

Determining the appropriate pricing and how to present it is crucial.

Firstly, let’s discuss some economic terminology. In economics, there is a concept called price discrimination.

This involves charging each customer the maximum they are willing to pay to maximize profits.

This is generally not feasible in most businesses. Imagine being charged double for an item at a store because it's perceived as more valuable to you than to someone else—this would not be practical.

However, in a drop servicing business model, price discrimination can be effectively implemented.

Thus, instead of having a fixed price for all clients, we aim to price discriminate as much as possible.

This involves gathering information about the client’s business during sales calls and adjusting the retainer based on their success and investment capacity.

Using a two-call model is beneficial as it allows for information gathering in the first call, enabling pricing decisions by the next call.

Now, regarding pricing specifics, it varies based on the service offered, but initial charges can range from a few hundred dollars to $2,500 per month.

Although these numbers may appear high, to a sufficiently successful business that values the service provided, they seem reasonable. Pricing should be adjusted to fit clients’ profitability.

For instance, my first client was a wealthy individual engaged in coaching as a side activity who was agreeable to a $2,500 monthly retainer. However, typically starting charges range between $500 to $1,200 monthly.

There are various methods to present these prices effectively.

Due to market saturation, offering a service without guarantees or special offers can be challenging unless there are exceptional results.

Where feasible, including a guarantee with the service is advisable.

For example, in my drop servicing business, I initially guaranteed 15 qualified leads within 30 days with no payment if the goal wasn’t met. Though generating 15 qualified leads isn’t substantial, it provided a sense of security and confidence.

Some services may not support guarantees, so another option is offering paid trials.

Paid trials are a compromise between providing a guarantee and a regular retainer.

They involve charging a lower fee initially while delivering results, with full price commencing from the second month.

I generally discourage free trials but endorse this form of pricing.

Another viable strategy, depending on the service, is a revenue share model.

This involves earning a percentage of the revenue generated for clients.

While this approach carries risk, as lack of results may result in no revenue, it demonstrates commitment to clients and can be lucrative when successful.

Initially, I offered $1,200 upfront or $800 upfront with a 6% revenue share, or $500 upfront with a 12% revenue share.

Several pricing strategies and framing methods exist to instill client confidence and mitigate perceived investment risk.

It is important to assess insights from initial client calls to determine pricing discrimination potential and confidently propose higher retainers when justified."
"This lesson is important. 

Not necessarily because objection handling is going to get us countless clients, but also because of the implicit lesson it reveals. 

We often think about sales as a binary thing: people either want our product/service or they don’t. 

But the reality is that a good amount of people will be sure that they want nothing to do with you straight away and there’s nothing you can do about those, sure. 

Then, a very small fraction of your lead list will immediately resonate with your offer and feel like it’s exactly what they were looking for. These are nice when they happen, and they usually lead to some smooth, easy sales.

However, as nice as those are, the vast majority of your prospects will fall somewhere in between: they’re not completely closed to the opportunity, but they’re not quite sure that whatever you’re offering makes sense for them. It’s your job to convince them. 

Naturally, that’s what our offer, niche, ICP, and sequence are designed to do, but it might not be enough. 

Every now and then you’ll get people responding to your emails who seem to fall in this middle category. Don’t get me wrong, it’ll sound like they’re almost on the “absolutely not” side of the spectrum, but there will be some sliver of hope, some window of opportunity that we can capitalize on and turn them back into the bright side. 

This will vary a lot. If you’re proposing FB ads as the ultimate solution to their business, some will hit you as “my clients don’t use FB ads.” And others will simply ask “what’s your strategy with FB ads exactly?” So, as I said, it varies. 

Now, I propose that you use a certain framing when it comes to these that will help you with your overall sales game––not only when responding to emails, but also when you’re on sales calls, when you’re interacting with clients etc. 

The frame to adopt is the following: as long as they’re interacting, they still want to be convinced. 

Think about it, everyone wants to be convinced that whatever you have is going to make their life better in a meaningful way. But obviously, not every time we’ve purchased something in our lives it’s served whatever we had in mind, so people are skeptical. 

This is not to say that when people say, “STOP MESSAGING, TAKE ME OFF YOUR LIST” you should try to convert them into a client. And people will say that. 

Anyways, hopefully by now you’re convinced that people expressing and voicing their objections is a window of opportunity. Now let’s look at how to capitalize on it.

Responding promptly
It’s easy to fall into the trap of thinking that people are thinking about our product or service a lot because we are, but in reality their interest is ephemeral, and lasts very little.
Responding as quick as possible will ensure that their interest is still there for you, making it more likely that they’ll respond and entertain the conversation
Acknowledging their concern
One of the main things with dealing with objections is not being confrontational, but as understanding as possible. 
It’s a good idea to empathize with their objection, and possibly say that other prospects of yours in the same niche commonly have the same doubts or concerns.
Isolate Objection
Then, it’s a good idea to reword their objection in a way that isolates it. This is more effective over a call but you can still use this technique over email. Something like “So if I were to show you that FB ads are an effective way to reach your target audience, you’d be more open to the idea of hopping on a call together?”
Provide contextual evidence
Here you want to use case studies of yours or statistics to show that, in fact, this concern they have is not grounded in reality.
Reframe objection
If you use your evidence effectively, you can end up revealing that where they saw a concern, there’s actually an opportunity.
So still with the FB objection, you could say something like “so as you see [statistics] of your target audience uses FB regularly, so FB ads could be an extremely effective way to reach your audience, maybe one that your competition hasn’t thought about!”
Call to action
Finally you want to close with that CTA that leads them towards a call with you. 
Something like “I’m happy to tell you more about this over a quick call. Just 15 minutes, worst case scenario you’ll leave with some new ideas.”
Following up
There’s a good chance, particularly if you don’t respond immediately, that the prospect won’t respond to your email. 
If that happens, simply follow up 24-48 hours later. 
If they don’t respond to that, it’s time to let them go. It’s sad, but that’s also a skill you have to build––you can’t win ‘em all. 

So, at the end of the day your sales coming from objection handling won’t necessarily be life changing, at least from what I’ve seen. 

But dealing with them is still an important tool to have in your arsenal.

Again, it’s important to remember that most prospects will be somewhere in the middle of the spectrum, and it’s our job, through all the tactics we’re learning, to convince them that working together is in their best interest. 

Objection handling is just another way to do that. 
","This lesson is important because it addresses both objection handling and an implicit lesson. Sales is often viewed as binary: people either want the product/service or they do not. In reality, some people will be certain they do not want it, and there is nothing that can be done about that group. A small percentage of leads will immediately connect with the offer and feel it is precisely what they need, often resulting in smooth and easy sales.

However, the majority of prospects will be undecided; they may not reject the opportunity outright, but they are unsure if the offer suits them. It is essential to convince them. Although the offer, niche, ideal customer profile, and sequence are intended to achieve this, additional efforts might be required.

Occasionally, there will be responses from individuals in this middle category who might initially seem uninterested, yet there is a chance to engage and persuade them. The response can vary greatly. For instance, some might be skeptical about Facebook ads, while others may inquire about the strategy. The approach depends on the individual case.

The recommended framing is to regard any interaction as an indication that they are open to being convinced. People generally want assurance that a product or service can significantly improve their life, though skepticism exists due to past disappointments. However, when individuals explicitly state they want no further contact, they should not be pursued.

When addressing objections, consider the following steps:

1. **Responding promptly:** Quick responses help sustain their interest and encourage continued conversation.

2. **Acknowledging their concern:** Show understanding and empathize with their objection, maybe by mentioning others in the same niche have had similar concerns.

3. **Isolating the objection:** Rephrase their objection to isolate the concern, especially effective during calls but also applicable in emails.

4. **Providing contextual evidence:** Share case studies or statistics to demonstrate the concern is unfounded.

5. **Reframing the objection:** Use evidence to reveal the opportunity that exists where they perceived a problem.

6. **Call to action:** End with a call to action, inviting them for a brief call to discuss further.

7. **Following up:** If no response occurs, follow up within 24-48 hours. If there’s still no reply, it is time to stop pursuing them.

While sales via objection handling might not be transformative, it remains a vital skill. Most prospects are undecided, and these strategies aim to convince them that the partnership is beneficial. Objection handling is one method to achieve this."
"If you’ve ever used the internet you’ve almost definitely received an email you didn’t ask for before. 

Since the genesis of this beautiful invisible network, people have made it their mission to sell or promote things through email. 

This is no surprise to you as you’re watching a course on cold emailing. 

Now, for a moment I want you to think about your experience as a cold email receiver as opposed to sender. 

How many times has a random email you didn’t ask for led to you purchasing or even exploring something new. 

Probably not often. And here is why.

Your average cold email reads something like this: “Hello! I really think you should check out our great product because we worked really hard on it and you will like it!”

This obviously sucks for a bunch of reasons we’ve already explored. 

But specifically, this feels, reads, and looks like a cold email.

Let’s imagine we used no copywriting techniques, but simply spruced this up by tailoring it to the person. 

Something like this: “Hello Peter. Given your interest in playing Tennis in the afternoon with your friend Rob, I thought you might want to check this great product of ours out!”

So, still a terrible email, but suddenly it no longer feels like a cold email and the person would likely be much more curious to check this out. 

Why?

Because it’s personalized. This isn’t sent to everyone in mass or is some corny icebreaker that you’ve seen in your inbox countless times. 

So, in the next few lessons we’re going to look out how to personalize emails. 

The ultimate way to do this would be to go through every one of your leads’ websites, compile some information, and then shape your emails around the information you’ve acquired for every lead. 

However, that’s hard and takes a loooooot of time. 

Instead, there’s other methods we can use to automate personalization and significantly increase our chances of success with our emails. And I mean significantly. 

Think about it again. Imagine someone diagnosed with absolute specificity a problem you experience in your life in an email. 

Something completely specific to you and that you haven’t found a solution for. 

You’d likely listen up quite closely. 

It’s similar to the reasons we niche down - we resonate strongly with one part of our prospect, and suddenly we’re seen as an expert and someone holding the solution. 

Alright, so what’s this first way to personalize our emails?

Well, I call it the trap. And it’s the most bold version of them all, but also the one with the lowest cost or technique. 

If you remember our emails, you might recall that in the first one I had something like “Hey [name], I noticed you’re not running FB ads at the moment…” 

So, immediately this feels like it’s not a cold email because I’m saying something specific about their business. 

I’ve taken my time out to search through FB and see whether they’re doing ads. I’ve researched their brand, and then I decided to email them. 

The truth? I didn’t even check whether they were running ads at all. 

In fact, many responses said things like “I’ve been running ads on FB for 3 years straight.”

But again, go back to the notion of niching down. Some people will immediately disconnect, but others will really resonate. 
Some will have specific reasons for not running ads, some will have been wondering about running ads but didn’t know how to…

The point is, to all those people who are not running ads this will feel like you’re somewhat familiar with their brand and writing specifically to them. 

And for everyone who is running ads… well, they’re not necessarily completely out, but it’s not ideal. But we’ll talk about that in the next lessons. 

So, what are some other examples of these traps that you can use regardless of your product or service? 
Social Media Engagement Trap: ""Hi [Name], I saw that your Instagram page is very active, but it seems like you're not using LinkedIn much. Have you considered leveraging LinkedIn for your business?""
Newsletter Subscription Trap: ""Hey [Name], I noticed you don't have a newsletter sign-up on your website. Have you thought about starting one to engage your audience more effectively?""
SEO Performance Trap: ""Hi [Name], I noticed your site isn't ranking as high as it could be for [Keyword]. Have you thought about implementing an SEO strategy?""
Competitor Activity Trap: ""Hello [Name], I saw that your competitor [Competitor] recently launched a new feature. Are you planning anything similar?""
Content Strategy Trap: ""Hello [Name], I noticed you haven't published new content recently. Do you need help developing a content strategy?""
Hopefully you get the idea. Naturally I can’t include enough examples here to account for any sort of product or service that you might be offering, but with these examples and concepts you might be able to find something that works for your situation.
Keep in mind that for some cases this strategy might not be the best fit. However, in some scenarios you might be able to find a type of personalized trap that really makes it feel like you must have researched their brand in order to make those sorts of statements. 
Anyways, there you have it. One of the secrets of cold emailing is to personalize your emails so they don’t feel like massive sequences but like an actual tailored message to your prospect. 
This is quite a rudimentary way to go about it, but it can be quite useful, especially when you’re starting out. 
But we are going to cover some way more refined tactics in the next couple lessons, so I’ll see you there. ","If you have used the internet, you have likely received an unsolicited email.

Since the beginning of the internet, people have used email to sell or promote products.

This is expected since you are enrolled in a course on cold emailing.

Consider your experience as a recipient of cold emails rather than a sender.

How often has an unsolicited email led you to purchase or explore something new?

Probably not often, and here's why.

A typical cold email reads like this: “Hello! I really think you should check out our product because we worked hard on it and you will like it!”

This has several drawbacks that we've already discussed.

Specifically, it feels, reads, and looks like a cold email.

Imagine if we tailored it to the individual without using specialized writing techniques.

For example: “Hello Peter. Since you enjoy playing tennis in the afternoon with your friend Rob, you might be interested in our product.”

It's still not a good email, but it no longer feels like a cold email, and the recipient might be more curious about it.

Why?

Because it’s personalized. It’s not sent in mass or using a generic introduction.

In the next lessons, we will learn how to personalize emails.

The ideal method would be to visit each lead's website, gather information, and customize your emails based on this data for every lead.

However, that is challenging and time-consuming.

Instead, we can automate personalization to improve our success with emails significantly.

Consider if someone precisely identified an issue you experience in an email.

Something specific to you for which you haven’t found a solution.

You’d likely pay close attention.

It's similar to narrowing down your market focus. You resonate with one aspect of your prospect, and you're viewed as an expert with solutions.

So, what is the first method to personalize emails?

It is called the trap. It is the boldest approach but also the least costly or complex.

In previous emails, I might have written, “Hey [name], I noticed you’re not running FB ads at the moment…”

This makes it seem personalized because I mention something specific about their business.

I checked FB to see if they’re running ads and researched their brand before emailing them.

In reality, I may not have checked their ad activity at all.

Many responses indicated they had been running ads for years.

Returning to the concept of focusing on specific niches. Some recipients will not respond, but others will relate strongly.

Some may have specific reasons for not running ads, or they are interested but unsure how to proceed.

The point is, to those not running ads, it appears that you are familiar with their brand and directly addressing them.

For those running ads, the impact may be less, but it is not ineffective. This will be addressed in future lessons.

Here are some other examples of traps you can use for any product or service:
Social Media Engagement Trap: ""Hi [Name], I noticed your Instagram page is active, but you’re not using LinkedIn much. Have you considered leveraging LinkedIn for your business?""
Newsletter Subscription Trap: ""Hey [Name], I noticed you don’t have a newsletter sign-up on your website. Have you thought about starting one to engage your audience more effectively?""
SEO Performance Trap: ""Hi [Name], your site isn't ranking as highly as it could for [Keyword]. Have you considered implementing an SEO strategy?""
Competitor Activity Trap: ""Hello [Name], your competitor [Competitor] recently launched a new feature. Are you planning anything similar?""
Content Strategy Trap: ""Hello [Name], you haven’t published new content recently. Do you need help developing a content strategy?""

Hopefully, the idea is clear. There are too many potential examples for every product or service, but with these examples and concepts, you may find a suitable strategy for your situation.

Remember, this approach may not always be the best. However, in some cases, you might develop a personalized trap that suggests you have researched their brand.

Thus, one of the keys to effective cold emailing is personalizing your emails so they feel like tailored messages rather than broad sequences.

Though basic, this can be useful, particularly when you’re starting.

More refined tactics will be covered in future lessons."
"In the last lesson we planted some seeds that are going to make our future emails more effective. 

As I said, I’m going to cover the 4 email sequence that I used to consistently book meetings in my agency. 

So, in this video I’ll walk you through the second and third emails. 

The second email is pretty straightforward, and you should send it 24-48 hours after your first email. Let me read it to you: 

“Hey {{firstName}}, 

Quickly following up on my last email. 
As I said, I'd love to see if I can help you grow your coaching brand. 

Again, I'd guarantee you at least 10 qualified leads in 30 days or you wouldn't pay me anything. 
I'll leave the link here again:
https://app.lemcal.com/@evergreen-influence/discovery-call.
Speak soon, 

{{signature}}”



This email does a few things. 

First, and perhaps most importantly, it’s a little nudge. 

As I’ve said before, most of your prospects who eventually become clients won’t be an ecstatic “yes” from the start. Instead, they’ll be somewhere between the “absolutely nots” and the “please take my money asap.”

This means that when they read our first email, many of them will be interested, but won’t necessarily react to it immediately. 

Maybe they’ll check our website, maybe they’ll think about it, maybe they’ll say meh, I’ll do it later. 

Either way, for whatever reason, those people don’t book a call from the first email. 

This email is designed for those people. In a few sentences I synthesize the core elements of my offer in a very straightforward, non-flashy way.

I want to help you scale your brand and you have no risk. 

So, for those people on the fence, it’s a pretty good push to book the call. They were already considering it before, or maybe they forgot, and now they’re seeing that they’ve nothing to lose. 

This is linked to the other purpose of the email: summarize our first email. 

A lot of people won’t take the time to read through our entire email despite all our efforts to retain their attention. That’s just how it is. 

So, this email is supposed to be something that, in just a few seconds, will tell them all the important things they need to know about the previous email.

For a good amount of people, this will mean that they’ll check the previous email and read through it. 

For a very few people, this email will be enough. 

I’ll mention one last sneaky tactic of this email. 

Instead of giving it a subject line, you want to send it as a response to the previous email. This will make it seem in their inbox like it’s an ongoing conversation instead of a random cold email. 

This makes it way more likely for them to open it. Think about when you check your emails, you open the ones that you think are responses to your emails the quickest, those are the ones you’re most interested in. 

Anyways, not very complicated, just a few principles to keep in mind. 

Now let’s get into the third email. 

First, the subject line is “Ready to let it be easy, [name]?”

I stole this from an email that got me. When I read it I felt a sort of relaxation inside, like I could just hand off my problems to someone else and they’d deal with it. 
I didn’t end up going through with the service because it was zero relevant to me, but I stole this sweet subject line. 

And you can do that too, when you’re receiving emails, reading articles etc. you can steal soundbites or lines that you think are effective and include them in your emails. 

Anyways, I think this subject line is straightforward - it inspires curiosity, which is one of the principles we discussed, and it paints our solution as something seamless and easy.

Now onto the email, which I send 2 days after the second email. 

“Hello again {{firstName}}, 
I just realized I didn't add any sort of proof of what we do in my last emails.

Here is a screenshot of one of our campaigns:

”


Here we finally give some social proof, evidence, or details about our product or service. 


But we do this in a way that, once again, makes it seem personalized, and gives the vibe that we’re individually, specifically writing these emails for this person, instead of it being a sequence. 


We frame it as us being forgetful and not including any specific proof of our work. 


Now, this allegedly overdue evidence is again a seed that we’re going to germinate now. 


Remember, we were rambling about how coaches suck at ads. We were stressing the problem in our niche that relates to our prospects. 


Now we’re actually going to back up the claims that we have the solution to this problem. 


“In case these numbers are confusing, here are the highlights: 
1,475 leads generated over the course of 4 months
An average cost per lead of $16.24
(The average price per lead in the coaching industry is $55 per lead).”



So here we show some proof of concept. Naturally, we break it down to make it intelligible for our prospects and frame it in the best light that we can. 


Again, this does a few things. 


First it’s some social proof, of course, showing that we already have clients, that our product or service has already been a solution to someone similar to our prospect’s problem. This of course emphasizes the point that we could solve their problem. 


The next thing it does is contrast it with the overall problem in the niche. I show that these are our results, which are significantly better than the standard in the niche. 


So again, germinates the seed that they’re leaving money on the table. That there is a competitive advantage that they can capitalize on with us. 


“Now, I know the numbers there are quite high, but does it mean you have to spend thousands of dollars on ads to get results?

No. This happened to be a company with a big team and budget which could afford this, and we scaled the ad spend as we saw success. 
Instead, you can start with a very humble budget, and, the best part? I'll guarantee you at least 10 qualified leads within 30 days or you won't pay us a cent!
The offer is bold because we have the results to back it.”


Here I’m pretty sure you can see what we’re doing. Again, a couple things. First, saying that we work with clients who have big budgets but that our expertise translates into any sort of scale. 


Then we emphasize our guarantee once again. No risk! Nothing to lose! Etc. 


And finally, we use this little tactic which I quite fancy that is saying that our offer is that bold because we have the results to back it. 


Let’s be real. Our offer is really not very bold at all, but saying that in this way makes it feel true. 


First we show results, then we restate our guarantee and then we say, see? We have that guarantee because we have the results. Seems to make sense, flows naturally, and hopefully converts as many of our prospects as possible. 


Then, of course, we close with a call to action to book a call or respond to this email. 


To wrap up this lesson, we've delved into the second and third emails of our sequence, which are designed to nudge our prospects closer to booking a meeting. The second email serves as a gentle reminder, summarizing our initial offer and emphasizing the risk-free nature of our proposal. It strategically positions itself as part of an ongoing conversation, increasing the likelihood of it being opened.
The third email introduces social proof, demonstrating the effectiveness of our services with tangible results. By framing this proof as a casual, almost forgetful addition, we maintain a personal touch and strengthen our credibility. We highlight the exceptional outcomes we've achieved compared to industry standards, reinforcing the notion that our prospects could significantly benefit from our expertise.
As we conclude, remember that the key to these emails is to keep them concise, personal, and persuasive. By summarizing the offer and providing proof, we make it easy for prospects to understand the value we bring. Additionally, our guarantee eliminates any perceived risk, making it an attractive proposition. With these strategies in place, you'll be well on your way to booking more meetings or whatever goal you have.
Keep refining your approach, testing different elements, and of course, make sure to adapt it to your product/service. It’s hard for me to cover all the possible scenarios of what you could say, that’s why I try to give you some principles and guidelines as opposed to specific lines or formats to follow. 


","In the last lesson, we discussed strategies to enhance the effectiveness of future emails.

In this session, I will detail the four-part email sequence used to consistently schedule meetings in my agency.

This video will guide you through the second and third emails.

The second email is simple and should be sent 24-48 hours after the first email. Here is the content:

“Hello {{firstName}},

Following up on my last email.
I am interested in helping you expand your coaching brand.

I guarantee at least 10 qualified leads in 30 days, or my services are free.
Here is the link again:
https://app.lemcal.com/@evergreen-influence/discovery-call.
Regards,

{{signature}}”

This email serves several functions.

Primarily, it acts as a reminder.

As mentioned, clients might not immediately agree to the proposal. They may have varying degrees of interest.

After reading the initial email, they may search the website, consider the offer, or defer the decision.

For various reasons, they might not schedule a call from the first email.

This email targets those individuals by restating the main elements of the offer in a clear manner.

It offers to assist in scaling the brand without financial risk.

It serves as an encouragement for those undecided to schedule a call, reminding them of the opportunity.

The email also summarizes the primary message of the first email.

Not everyone will read every detail in an email.

Therefore, this email quickly conveys the essential information from the previous email in seconds.

For many recipients, it will prompt a review of the first email.

For some, this email may be sufficient.

Additionally, consider not using a subject line; instead, send it as a reply to the previous email. This makes it appear as part of continuing correspondence, increasing the likelihood of being opened.

Now, let's discuss the third email.

The subject line is “Ready to let it be easy, [name]?”

This subject line is crafted to evoke curiosity, making the solution appear seamless and easy.

The third email is sent two days after the second.

“Hello again {{firstName}},

I realized I did not provide any proof of our work in earlier emails.

Here is a screenshot of one of our campaigns:”

In this email, we include social proof, showcasing our product or service.

The email is written to appear personalized, conveying that it is tailored specifically for the recipient rather than part of a sequence.

The introduction of evidence reinforces the credibility of the previous emails.

It strengthens the proposition that we can solve the challenges faced by our prospects.

The following information highlights the results: 
1,475 leads generated in 4 months
An average cost per lead of $16.24
(The standard in the coaching industry is $55 per lead).

This provides a demonstration of the concept's effectiveness, emphasizing the results achieved compared to industry averages.

The potential for competitive advantage is highlighted.

""Do these high figures imply a large ad spend is necessary for results?

No. This example pertains to a business with a substantial budget.

A modest budget is sufficient to start, and importantly, we guarantee at least 10 qualified leads within 30 days, or no payment is required. The offer is firm because of our proven results.""

The approach emphasizes that while we collaborate with well-funded clients, our methods are applicable on any scale.

The assurance is repeated: no risk involved.

The stated boldness of the offer is supported by the presented results.

After presenting results, the assurance follows logically, reinforcing trust.

The email closes with a call to action to schedule a call or reply to the email.

In conclusion, the second and third emails in our sequence aim to encourage prospects to book a meeting. The second email serves as a reminder and highlights the risk-free nature of our proposal. It is positioned as a continuation of previous correspondence to enhance the probability of being read. The third email presents social proof with clear results, maintaining a personal tone and boosting credibility. The comparison to industry benchmarks underscores potential client benefits.

To conclude, focus on making emails concise, personal, and compelling. Summarizing the offer and presenting evidence clarifies the value provided. The guarantee minimizes perceived risk, making the offer appealing. With these strategies, meeting scheduling or achieving your desired goal becomes more likely.

Continue refining, test various elements, and customize based on your product/service. These principles serve as broad guidelines since it’s challenging to cover every scenario."