ID,GEN,PROMPT,FIT,FEEDBACK,P1,P2
1,0,"1. **Tone**:
   - *Formal vs. Informal*: The tone is informal, utilizing conversational language and colloquial expressions, such as ""nono"" and ""cool.""
   - *Encouraging vs. Neutral*: The tone is encouraging, aiming to motivate and engage students with phrases like ""Trust me"" and ""I recommend.""

2. **Register**:
   - *Technical vs. Layman's Terms*: A mix is used, with some industry-specific terms like ""lead magnet"" and ""VidIQ,"" but also layman's terms to ensure accessibility.
   - *Polished vs. Conversational*: The style is conversational, exemplified by direct address and casual language, such as ""Okay"" and ""So…""

3. **Sentence Structure**:
   - *Complex vs. Simple Sentences*: Predominantly simple sentences are used, with occasional complex ones for explanation, such as ""When people consume your long form content...""
   - *Varied vs. Monotonous*: There is variation in sentence length and structure, maintaining interest through different rhythms.

4. **Vocabulary**:
   - *Advanced vs. Basic Vocabulary*: The vocabulary is generally basic, with occasional advanced terms related to the subject matter.
   - *Consistent vs. Varied Terminology*: Consistent use of key terms like ""newsletter"" and ""YouTube,"" but with varied expressions to maintain engagement.

5. **Pacing**:
   - *Brisk vs. Measured*: The pacing is measured, allowing for reflection and understanding, with deliberate pauses for emphasis.
   - *Dense vs. Spaced-Out Information*: Information is spaced out, with breaks between key points to aid comprehension.

6. **Clarity**:
   - *Explicit vs. Implicit Explanations*: Explanations are explicit, with clear guidance and minimal ambiguity, as seen in step-by-step instructions.
   - *Detailed vs. Concise Descriptions*: Descriptions are concise, focusing on core information without unnecessary detail.

7. **Focus**:
   - *Broad vs. Narrow Focus*: The focus is narrow, concentrating on specific strategies for leveraging YouTube for newsletters.
   - *Balanced vs. Skewed Emphasis*: Emphasis is balanced, with attention given to both the rationale and execution of strategies.

8. **Engagement Techniques**:
   - *Rhetorical Questions vs. Direct Questions*: Rhetorical questions are used to provoke thought, such as ""Why?""
   - *Interactive Elements vs. Lecture-Style*: The style is lecture-based, with no interactive elements but a conversational tone to engage.

9. **Use of Examples**:
   - *Real-World vs. Hypothetical Examples*: Both real-world and hypothetical examples are used, like referring to ""Mr Beast"" and ""celebrity groupies.""
   - *Frequent vs. Infrequent Examples*: Examples are frequent, used to illustrate points and enhance understanding.

10. **Instructional Clarity**:
    - *Step-by-Step vs. Overview Instructions*: Step-by-step instructions are provided for clarity and actionable guidance.
    - *Directives vs. Suggestions*: A mix of directives and suggestions, with clear commands like ""do not be afraid"" and optional advice.

11. **Persuasiveness**:
    - *Evidence-Based vs. Opinion-Based Arguments*: Arguments are predominantly opinion-based, supported by personal experience rather than data.
    - *Emotional Appeal vs. Logical Appeal*: Relies on logical appeal with some emotional triggers, emphasizing connection and relationship building.

12. **Cohesion**:
    - *Smooth Transitions vs. Abrupt Changes*: Transitions between sections are smooth, maintaining a logical flow of ideas.
    - *Thematic Consistency vs. Disjointedness*: There is thematic consistency, with a central focus on content marketing strategies.

13. **Audience Engagement**:
    - *Direct Address vs. Impersonal Tone*: Direct address is frequently used, creating a personal connection with the audience.
    - *Relatability vs. Authority*: Balances relatability with authority, sharing personal experiences to establish expertise.",8.2,"The candidate’s text is dynamically casual and mostly aligns with the friendly, conversational tone of the benchmark, though it amps up the slang a bit. The main ideas, steps, and logic from the original are well preserved, making it a solid adaptation despite a somewhat more informal voice than the benchmark.",,
2,0,"1. **Tone**: The stylized text adopts a more conversational and informal tone, using expressions like “sounds a bit harsh” and directly engaging the reader with phrases like “trust me.” In contrast, the normalized text maintains a factual and professional tone throughout.

2. **Register**: The stylized text uses a lower register, employing colloquial language, contractions, and informal phrases such as “cool” and “trust me.” The normalized text employs a higher register with formal language and more structured sentences.

3. **Sentence Structure**: The stylized text frequently uses shorter, fragmented, or run-on sentences, often starting with conjunctions or interjections. For example, sentences like “So… short form is a nono” and “Okay… if you want to maximize YouTube” reflect this style. The normalized text features more complex, grammatically complete sentences.

4. **Vocabulary Choice**: The stylized text incorporates informal, casual vocabulary and slang, such as “nono,” “okay,” and “get to it.” The normalized text employs precise, technical vocabulary fitting for a professional context.

5. **Use of Contractions**: Contractions are more prevalent in the stylized text, with phrases like “we’ve” and “they’re.” The normalized text generally uses full forms like “we have” and “they are.”

6. **Direct Address and Personalization**: The stylized text often directly addresses the reader, using second-person pronouns and rhetorical questions, engaging the reader personally. The normalized text remains more impersonal and objective, focusing on delivering information.

7. **Rhetorical Devices**: The stylized text uses rhetorical questions (“Why?”), direct appeals, and repetition to emphasize points and engage the reader, while the normalized text relies on structured argumentation without such devices.

8. **Informality and Casualness**: The stylized text is marked by informal expressions, casual punctuation (e.g., ellipses, dashes), and a conversational flow, as seen in “Little friction” and “You get it.” The normalized text is more formal and straightforward.

9. **Narrative Style**: The stylized text takes an anecdotal, narrative-driven approach, incorporating personal opinions and asides. The normalized text focuses on clear, factual delivery without personal insertions.

10. **Punctuation and Formatting**: The stylized text often uses dashes, ellipses, and varied sentence breaks to create a conversational rhythm, as seen in “So… short form is a nono” and “But one of the maxims of sales is…”. The normalized text uses standard punctuation for clarity and precision.",9.0,"This version closely mirrors the approachable, energetic style of the benchmark, with a similar casual tone and focus on straightforward, text-based strategies. The main points about LinkedIn, Gary Vee, and Alex Hormozi are preserved, though a slightly more detailed breakdown of pros and cons might bring it even closer to the original structure.",,
3,0,"1. **Conversational Tone**: The stylized text adopts a more casual, conversational tone, evident in the use of contractions like ""we’ve"" and informal expressions such as ""sort of"" and ""nono."" This differs from the normalized text, which maintains a formal and structured tone.

2. **Informal Contractions and Abbreviations**: The stylized text frequently uses informal contractions like ""we’re"" and abbreviations like ""DMs,"" contrasting with the normalized text's full forms, such as ""we are"" and ""direct messages.""

3. **Colloquial Language**: The stylized text includes colloquial phrases such as ""killing it"" and ""get your hands dirty,"" providing a more relatable and engaging style compared to the straightforward language of the normalized text.

4. **Simplified Syntax**: Sentences in the stylized text are often shorter and more fragmented, using phrases like ""Little friction"" and ""So… short form is a nono,"" which create a more dynamic and approachable style than the complex sentences of the normalized text.

5. **Direct Address and Personal Opinion**: The stylized text frequently uses direct address (""Trust me,"" ""I recommend"") and personal opinions (""in my opinion""), making it feel more personal and opinionated than the objective tone of the normalized text.

6. **Use of Imperatives**: The stylized text employs imperative verbs like ""GET TO IT"" and ""Don’t spend minutes,"" creating a sense of urgency and directness that differs from the instructive but less forceful language of the normalized text.

7. **Informal Punctuation and Ellipses**: The stylized text makes use of informal punctuation such as ellipses (""nurture them…"") and dashes to convey pauses and informal speech patterns, in contrast to the formal punctuation of the normalized text.

8. **Use of Emphatic Language**: Emphatic words like ""absolutely,"" ""super simple,"" and ""killer lead magnet"" are used in the stylized text to emphasize points more vividly than in the normalized text, which uses more neutral descriptors.

9. **Rhetorical Questions**: The stylized text incorporates rhetorical questions like ""So how do you take advantage of it?"" to engage readers directly, whereas the normalized text primarily presents information declaratively.

10. **Use of Anecdotal References**: The stylized text refers to personal experience (""I’ve run a bunch of YouTube channels""), adding a layer of authority and personal touch absent in the normalized text, which lacks anecdotal content.",8.2,"The candidate text has a casual, engaging style that closely matches the original vibe, though it might benefit from more playful language and repeated emphasis to fully capture the benchmark’s dynamic tone. The content is successfully preserved, retaining the main points and examples. Adding a bit more dramatic flair in language and flow would bring it even closer to the benchmark style.",,
4,0,"- **Vocabulary Choice**: The text employs a conversational and informal vocabulary, with phrases like ""nono"" and ""trust me."" It avoids technical jargon, opting for accessible language, such as ""lead magnet"" and ""core audience."" The use of colloquial expressions like ""get your hands dirty"" adds a personal touch.

- **Sentence Structure**: The author favors a mix of short and medium-length sentences with straightforward structures. For example, ""Little friction"" is a very short, standalone sentence. There are few complex sentences with nested clauses, and punctuation is used primarily to maintain the flow rather than to build complexity.

- **Tone and Register**: The tone is informal and conversational, characterized by direct address (""you"") and casual phrases (""sounds a bit harsh""). The register remains consistent throughout, with a focus on approachability and relatability.

- **Figurative Language**: The text uses minimal figurative language, but there are occasional metaphors like ""niche within a niche within a niche"" to emphasize depth. Hyperbole is evident in phrases like ""chasing views is death.""

- **Rhetorical Devices**: Repetition is used for emphasis, as seen in ""Little friction"" and ""GET TO IT."" Rhetorical questions, such as ""Why?"" and ""So how do you take advantage of it?"" engage the reader and prompt reflection.

- **Lexical Density and Variation**: The text maintains moderate lexical density with a focus on a specific topic. It uses a range of words related to content creation but avoids excessive repetition of specific terms, thus maintaining reader interest.

- **Pacing and Rhythm**: The text's pacing is dynamic, with variations in sentence length and structure. Short sentences provide emphasis and clarity, while longer ones offer explanations. The rhythm is conversational, with frequent pauses for emphasis.

- **Coherence and Cohesion**: Ideas are logically connected, with smooth transitions between sentences and paragraphs. Cohesion is maintained through the consistent use of linking words like ""because"" and ""so.""

- **Pronoun and Voice Usage**: The text frequently uses second-person pronouns (""you"") to directly engage the reader. The voice is active, with clear subject-verb-object structures that enhance clarity and directness.

- **Emphasis and Intensifiers**: Intensifiers such as ""super simple"" and capitalization in ""GET TO IT"" are used for emphasis. Exclamation marks are sparingly used to convey enthusiasm, e.g., ""So… short form is a nono in my opinion for newsletter marketing.""

- **Lexical Bundles/Collocations**: Phrases like ""lead magnet"" and ""core audience"" are used repeatedly, reflecting common industry terminology and aiding in thematic consistency.

- **Overall Structure and Organization**: The text is organized into clear sections, each addressing a specific aspect of the topic. It uses headings implicitly, guiding the reader through the discussion points.

- **Spelling and Typographical Habits**: The text uses American spelling conventions, with consistent capitalization practices. There are no apparent typographical errors, indicating careful proofreading.

- **Synonym Selection**: The text shows a preference for simple synonyms, opting for direct language over more complex alternatives, such as ""big"" instead of ""substantial.""

- **Preferred Punctuation**: Commas and periods are used conventionally. Parentheses are occasionally used for asides, and ellipses are used to indicate pauses in thought or transitions.

- **Use of Parenthetical Remarks and Asides**: Parenthetical remarks, such as ""(sounds a bit harsh),"" provide additional commentary or clarification, contributing to the informal tone.

- **Hedging and Qualifiers**: The text uses qualifiers like ""probably"" and ""sort of"" to express uncertainty or soften statements, indicating a cautious approach to claims.

- **Direct vs. Indirect Speech**: The text primarily uses direct speech with clear, concise statements. Indirect speech is minimal, maintaining a straightforward narrative style.

- **Use of Humor, Irony, or Sarcasm**: Subtle humor is present, as in ""chasing views is death,"" adding a light-hearted tone to the advice. There is no overt irony or sarcasm.

- **Cultural and Topical References**: References to ""Mr Beast"" and ""1000 true fans"" provide cultural context and connect the discussion to familiar concepts in media and marketing.

- **Consistency of Voice**: The voice remains consistent throughout, maintaining a conversational and engaging tone. The narrative perspective does not shift, ensuring clarity.

- **Stylistic Repetition or Catchphrases**: Repetition of phrases like ""GET TO IT"" and ""lead magnet"" reinforces key points and creates a sense of urgency.

- **Register and Formality Fluctuations**: The register remains consistently informal, with no abrupt shifts to formal or academic language, maintaining reader engagement.

- **Clarity and Conciseness**: The text is clear and concise, with minimal redundancy. Explanations are straightforward, and unnecessary details are omitted for brevity.

- **Argumentative Structure**: The text presents a clear thesis on the advantages of long-form content, supported by specific examples and counterarguments against short-form content.

- **Use of Transitional Words and Phrases**: Transitional words, such as ""however"" and ""so,"" are used to connect ideas and guide the reader through the argument logically.

- **Em-dash and Ellipsis Usage**: Ellipses are used to indicate pauses or transitions in thought, while em-dashes are employed for emphasis or to introduce asides.

- **Overarching Narrative or Flow**: The text follows a logical progression, beginning with an introduction to the topic and moving through various aspects of content strategy without digressions.

- **Emotive Language**: Emotive language is subtle, with phrases like ""absolutely killing it"" and ""really good article"" conveying enthusiasm and positive sentiment.

- **Use of Questions and Exclamations**: Rhetorical questions and occasional exclamations, such as ""Sounds a bit harsh!"" engage the reader and emphasize key points.

- **Reference Style**: References to concepts like ""1000 true fans"" are included without formal citation, reflecting the informal tone and relying on the reader's familiarity with the topic.

- **Signature Openings or Closings**: The text lacks distinct signature openings or closings, instead maintaining a consistent style throughout and concluding with a practical focus on future lessons.",8.1,"The candidate text mostly aligns with the casual, friendly tone of the benchmark but uses a bit more slang than the original. It retains the core ideas well, though a few details are omitted. Overall, it’s strong in style and content with minor tweaks needed for complete alignment.",,
6,0,"1. **Tone and Informality:**
   - Use contractions (e.g., ""we have"" to ""we’ve"").
   - Use conversational expressions and casual language (e.g., ""basically,"" ""cool,"" ""trust me"").

2. **Vocabulary and Simplification:**
   - Replace formal words with simpler or more colloquial equivalents (e.g., ""discussed"" to ""talked about,"" ""primarily"" to ""just"").
   - Use more direct and personal pronouns (e.g., ""they"" to ""you"").

3. **Syntax and Sentence Structure:**
   - Shorten sentences for a more direct impact.
   - Use ellipses for pauses and to imply continuation or additional thought.

4. **Direct Address and Personalization:**
   - Address the reader directly (e.g., ""you"" instead of ""they"").
   - Use rhetorical questions to engage the reader (e.g., ""get it?"" ""So how do you take advantage of it?"").

5. **Emphasis and Style:**
   - Use italics or bold for emphasis on key points (e.g., ""do not,"" ""GET TO IT"").
   - Use repetition for emphasis (e.g., ""niche within a niche within a niche"").

6. **Use of Parentheticals and Asides:**
   - Include asides for additional commentary or clarification (e.g., ""As always,"" ""Now, notice"").

7. **Informal Phrasing and Expressions:**
   - Incorporate informal expressions (e.g., ""nono,"" ""trust me"").
   - Use expressions that imply familiarity or shared understanding (e.g., ""you get it"").

8. **Conversational Pacing:**
   - Break up text with frequent, informal transitions (e.g., ""So…"" ""Now…"").
   - Use bullet points or lists for clarity and to break down complex ideas.

9. **Engagement and Relatability:**
   - Make references to common knowledge or popular content (e.g., ""Mr Beast,"" ""celebrity groupies"").
   - Use relatable examples or analogies (e.g., ""like affiliate marketing or memberships"").

10. **Call to Action and Encouragement:**
    - Encourage action with direct and simple instructions (e.g., ""GET TO IT"").
    - Use motivational language to inspire action (e.g., ""you just need a few people who love everything you do"").

11. **Conclusion and Summation:**
    - End with a summary or a hint of what’s next to maintain engagement (e.g., ""In the next lessons we’ll cover..."").",8.6,"The candidate text closely mirrors the benchmark’s casual, engaging style, though it adds a bit more slang and humor than the original. Overall, it captures the key points and preserves the main ideas effectively, though it occasionally strays slightly in tone. Great job balancing personalization and clarity.",,
7,0,"- primarily discussed text-based platforms -> basically just discussed text based platforms
- Because different people consume media in various ways. Some prefer video, some prefer short-form content, some enjoy reading short pieces, and some prefer reading books. -> Because everyone consumes media differently. Some people like video, some people like short form, some people love to read snippets, some people love to read books.
- Directing people from text-based platforms to a newsletter involves minimal effort: they already consume content in this format and are simply opting to receive more. -> And getting people from text based platforms to our newsletter has the least friction: we know they already consume media that way and they’re simply opting in to consume more of that.
- Minimal friction. -> Little friction.
- We are not covering short-form content extensively because there is significant friction involved. -> The reason we’re not really going to cover short form is because there is a lot of friction.
- Delivering a lead magnet to those who consume short-form content is straightforward. However, it may be more effective to sell directly through the platform instead. -> You can deliver a lead magnet to people who consume your short form quite easily. But at that point it’s probably just better to sell them something else through the platform itself.
- It is easier to convert a lead through direct messages than through nurturing them via a newsletter. -> It’s going to be much easier to convert a lead through DMs than to take them to your newsletter, nurture them…
- If the goal is to monetize a newsletter through strategies like affiliate marketing or memberships, it may be more effective to monetize short-form traffic differently. -> And if you want to monetize the newsletter itself through like affiliate marketing or memberships then I think you’re probably better off monetizing your short form traffic in a different way.
- Thus, short-form content may not be ideal for newsletter marketing. -> So… short form is a nono in my opinion for newsletter marketing.
- It is important to note that this refers to short-form content, not video content. -> Now, notice I’m saying short form and not video.
- YouTube remains an effective way to build a brand, even for newsletters. -> And that’s because I do still believe that YouTube is an incredibly effective way to build your brand even for newsletters.
- Long-form content emphasizes connection more than volume. -> The thing with long form content is that it’s way less about volume than it is about connection.
- There was an influential article in 2008 titled ""1000 True Fans"" that highlighted this concept: small audiences can be highly profitable. -> There was a really good article in 2008 called 1000 true fans. It sort of anticipated what we’re seeing today: businesses with really small audiences that are absolutely killing it.
- The idea remains relevant: success requires only a few highly-engaged followers. -> The concept still stands: you just need a few people who love everything you do in order to be successful.
- YouTube is one of the best ways to foster such an audience. -> And YouTube is the single best way to build that core audience.
- This is due to the formation of parasocial relationships. -> That’s because it creates parasocial relationships.
- This occurs when one party becomes emotionally invested in the other as if in a relationship, despite no mutual recognition. -> That’s where one side becomes emotionally invested in the other person as if they had a relationship, while the other person doesn’t even know they exist.
- This is similar to celebrity fans expressing strong admiration for a public figure. -> It’s what you see when celebrity groupies say they’re in love with whatever singer.
- When people engage with long-form content, they perceive the creator's personality, seeing them as if in real-time, which fosters connection. -> When people consume your long form content they get to see your personality, they see you as if it were in real time, and they can connect with you.
- There are many psychological elements to consider. -> There’s a lot of psychological dimensions to this that we don’t have to explore.
- A key idea in sales is that purchases are often emotional, rather than logical. -> But one of the maxims of sales is that people often buy emotionally, not logically.
- Consumers are influenced by a liking for the seller, for instance. -> So they buy from someone they like, for example.
- Additionally, branding involves crafting positive associations with a brand over time. -> Another notion we’ve seen is branding is association. So people craft positive associations with your brand over time.
- Another factor is that, as the audience consumes content, the creator is increasingly seen as an authority in their respective field. -> Another element at play is that, as they consume your content, they slowly position you as an authority and expert in the given field.
- The more expertise is demonstrated, the more this perception is reinforced. -> And the more you prove your expertise the more that’s accentuated.
- Therefore, YouTube provides numerous benefits. -> So there’s a lot of benefits to YouTube, you get it.
- And it introduces less friction than short-form content. -> And there isn’t necessarily as much friction as with short form, cool.
- How can these benefits be maximized? -> So how do you take advantage of it?
- The first step is to identify a niche. -> The first thing is niche.
- The same principles for finding a niche for a newsletter apply here. -> The same concepts we went through in how to find a niche for a newsletter apply here.
- Do not change content solely to increase views. -> Do not try to shift anything to try and get more views.
- Experience with managing multiple YouTube channels suggests that pursuing views can be detrimental. -> Trust me, I’ve run a bunch of YouTube channels for me and my clients and chasing views is death.
- Unless the focus is entertainment, YouTube should foster connection. -> Unless you’re an entertainer, YouTube is for connection.
- This means being open to making niche content. -> With this I mean, do not be afraid to make videos that are a niche within a niche within a niche.
- Providing value in an area of expertise will attract those seeking solutions in that area. -> If you’re providing value and that’s what you’re an expert in, people with that problem will find you and love you for it.
- Once the aim shifts from seeking views, consideration of what content to post is crucial: -> Okay, so once you realize your videos don’t need to chase views, here is what you need to understand:
- Content topics -> What videos to post
- Titles -> Title
- Thumbnails -> Thumbnails
- Posting frequency -> How often to post
- Newsletter conversion -> Converting to your newsletter
- While this may seem extensive, it can be simplified. -> It may sound like a lot, but let’s break it down.
- Determining content topics can use the same strategies as for blog posts. -> In terms of what videos to post we’re going to use the exact same strategies we used for our blog posts.
- Rather than relying on creativity, data will guide the choice of topics. -> We won’t be relying on our creativity to decide these videos, we’ll be looking at the data.
- The goal remains to address a market gap, so using tools like VidIQ—similar to SEMrush for blog ideas—is recommended. -> As always, we’re trying to fill a gap in the market, so what you’re going to do is go on VidIQ. VidIQ is a software which lets you find video topics and ideas the same way SEMrush allowed us to find blog post ideas.
- VidIQ will facilitate uncovering suitable topics with potential audience interest. -> We’ll cover VidIQ more in the next lesson.
- For now, understand that to effectively leverage YouTube, in-depth engagement with VidIQ is required. -> But what you need to know for now is that, if you want to leverage YouTube correctly, you’ll have to go in here and get your hands dirty.
- It is important to identify approximately 100 video ideas with high VidIQ scores. -> You need to find around 100 video ideas that have a good VidIQ score.
- A good score signifies high demand with insufficient supply, indicating a market gap. -> A good score, again, means that there is a high demand but not too much supply, which means that there is a gap in the market that you can fill.
- This implies there is active search for specific keywords, and achieving high keyword ranking is feasible. -> It means people are searching for a specific keyword but you wouldn’t have too much trouble ranking highly on that keyword.
- A score above 60 is considered good. -> So in terms of what a good score is, I’d say anything over 60 is good.
- This approach identifies suitable video topics. -> So that’s how you find what videos to post.
- Additionally, utilizing search-based traffic outlines appropriate titles. -> Not only that, but because we’re relying on search based traffic, this process also tells us exactly what our title should be.
- In terms of thumbnails, brand building suggests including a recognizable face in all images. -> Now, in terms of thumbnails, since you’re building your brand I recommend having your face in all thumbnails.
- Testing and copying are effective methods. -> The easiest way to see what works is by A) Copying and B) Testing.
- YouTube offers a feature for testing multiple thumbnails per video. -> There is a feature within YouTube itself that allows you to post multiple thumbnails for each video and YouTube will test what works.
- Analyzing top creators and those within the same niche can inform thumbnail strategies. -> When you’re copying you can look at top players like Mr Beast but you should also copy people within your niche.
- Viewstats can help identify relevant thumbnails through keyword searches. -> To find thumbnails for videos that are similar to yours you can use Viewstats. There you can just type certain keywords and videos with relevant thumbnails will come up.
- Regarding posting frequency: -> Now how often to post.
- For maximum efficacy on YouTube, frequent posting is recommended initially. -> Okay… if you want to maximize YouTube I recommend you post a lot. At least at first.
- This strategy turns each video into an asset. -> The beauty with this approach is that once you post a video it becomes an asset.
- This is because the traffic relies on recurring searches, not merely browsing. -> That’s because you’re not relying on all your traffic coming from browsing, but from searching. And searches are recurring in that they happen every month.
- However, when first establishing a new channel, consistency helps train the algorithm to target the right audience. -> So that’s great.
- YouTube rewards consistent posting by better understanding the channel's focus and audience. -> However, when you’re first starting your channel you’re training the algorithm to know who to target.
- First-time YouTube users may benefit from preparing 8 to 9 videos before posting. -> In that way YouTube rewards consistency as it’ll be able to tell what your channel is about and who it should be shown to.
- Posting these consistently over short periods helps the channel appear more established and aids algorithmic recognition of the audience. -> So, if you’ve never posted on YouTube before, I recommend you don’t post until you have like 8 or 9 videos recorded, edited, and ready to post.
- Finally, relating this approach back to newsletters: -> Then you can post those everyday or every other day for a week or two and suddenly your channel will look like a normal channel and YouTube will be able to start getting a sense of your audience.
- Integrating a lead magnet that addresses the issue prompting the video click is an effective technique. -> Lastly, how do we relate all this back to our newsletter?
- While soliciting newsletter subscriptions is a viable option, offering tangible solutions is more appealing. -> Luckily this is super simple.
- For highest conversion rates, crafting compelling lead magnets is recommended. -> The easiest way is just to have some sort of lead magnet that solves the same problem they clicked on the video and offer that in exchange for their email.
- This topic will be covered in subsequent lessons. -> You can also ask people to subscribe to your newsletter but that isn’t as clear of a value proposition and people are sort of desensitized to these sorts of CTAs. They’re heard them millions of times.
- Lastly, apply writing principles to video creation: prioritize value, conciseness, and directness. -> So if you want to have the absolute highest conversion rate I recommend creating a killer lead magnet.
- Avoid lengthy introductions and state the video’s purpose quickly. -> We’ll talk about those in the next lessons.
- Viewers are there for solutions and are indifferent to prolonged greetings. -> One last nugget I recommend for your videos themselves is to use the same principles we used for writing: value, conciseness, and getting to the point.
- Although direct, this approach emphasizes key points. -> Don’t spend minutes telling them what you’re going to tell them.
- Ultimately, leveraging long-form content should form the basis of branding and organic traffic strategies. -> Spend 8 seconds hooking them and telling what the video will be about and then GET TO IT.
- Future lessons will address VidIQ in detail and cover lead magnet creation. -> Actually. Forget about manners, forget about intros, just get to it.
- -> People are there to solve their problem. They don’t care about you and they don’t care about being greeted.
- -> Sounds a bit harsh but it’s to get my point across.
- -> Anyways, that’s how to leverage long form content which I think should be the core of any branding or organic traffic strategy today.
- -> In the next lessons we’ll cover VidIQ in detail and… it’s time to talk about how to create them lead magnets.",8.6,"Your text captures much of the casual, conversational tone in the benchmark and maintains the core information from the original. To further improve style alignment, incorporate more lively phrasing and personal anecdotes where possible; overall, you’ve done a solid job preserving both style and content.",,
8,1,"1. **Tone**: The stylized text adopts a more conversational and informal tone, using expressions like “sounds a bit harsh” and directly engaging the reader with phrases like “trust me.” In contrast, the normalized text maintains a factual and professional tone throughout.

2. **Register**: The stylized text uses a lower register, employing colloquial language, contractions, and informal phrases such as “cool” and “trust me.” The normalized text employs a higher register with formal language and more structured sentences.

3. **Sentence Structure**: The stylized text frequently uses shorter, fragmented, or run-on sentences, often starting with conjunctions or interjections. For example, sentences like “So… short form is a nono” and “Okay… if you want to maximize YouTube” reflect this style. The normalized text features more complex, grammatically complete sentences.

4. **Vocabulary Choice**: The stylized text incorporates informal, casual vocabulary and slang, such as “nono,” “okay,” and “get to it.” The normalized text employs precise, technical vocabulary fitting for a professional context.

5. **Use of Contractions**: Contractions are more prevalent in the stylized text, with phrases like “we’ve” and “they’re.” The normalized text generally uses full forms like “we have” and “they are.”

6. **Direct Address and Personalization**: The stylized text often directly addresses the reader, using second-person pronouns and rhetorical questions, engaging the reader personally. The normalized text remains more impersonal and objective, focusing on delivering information.

7. **Rhetorical Devices**: The stylized text uses rhetorical questions (“Why?”), direct appeals, and repetition to emphasize points and engage the reader, while the normalized text relies on structured argumentation without such devices.

8. **Informality and Casualness**: The stylized text is marked by informal expressions, casual punctuation (e.g., ellipses, dashes), and a conversational flow, as seen in “Little friction” and “You get it.” The normalized text is more formal and straightforward.

9. **Narrative Style**: The stylized text takes an anecdotal, narrative-driven approach, incorporating personal opinions and asides. The normalized text focuses on clear, factual delivery without personal insertions.

10. **Punctuation and Formatting**: The stylized text often uses dashes, ellipses, and varied sentence breaks to create a conversational rhythm, as seen in “So… short form is a nono” and “But one of the maxims of sales is…”. The normalized text uses standard punctuation for clarity and precision.",9.0,"The candidate text closely mirrors the casual, direct voice and energy of the benchmark while retaining the original content’s key points. Its style flows well with rhetorical questions and concise transitions, and it preserves nearly all the essential ideas about friction, monetization strategies, and YouTube’s benefits. Overall, it’s a strong rewrite with a good balance of friendly tone and informative substance.",2,2
9,1,"Rewrite the neutral text so it closely mirrors the casual, friendly energy of the stylized example. Follow these guidelines:

• Use a conversational tone with occasional informal expressions (“cool,” “nono,” “trust me”), but don’t overuse slang.  
• Keep sentence structures varied—mix short, direct sentences with a few longer ones. Feel free to start sentences with “And,” “But,” or “So.”  
• Incorporate contractions (“we’re,” “they’ve,” “it’s”) to maintain an approachable feel.  
• Address the reader directly, using questions (“Why?”) and personal pronouns (“you,” “we”).  
• Preserve the logical flow and main points, adding a tad more detail on pros and cons where relevant.  
• Use concise, direct instructions, and don’t hesitate to highlight key notions, like lead magnets or short-form vs. long-form content, with quick statements (“Little friction,” “Short form is a nono”).",8.6,"The candidate text captures the casual, upbeat tone and informal style from the benchmark, using exclamations and direct address to good effect. It accurately preserves key ideas about price discrimination, two-call sales, and various pricing models. Slightly toning down the over-enthusiastic phrases could bring it even closer to the benchmark’s style.",1,2
10,1,"1. Use a casual, friendly tone with contractions (e.g., “we’ve,” “it’s”) while avoiding excessive slang.  
2. Simplify formal words into more everyday language (“talked about” instead of “discussed”).  
3. Keep sentences short and direct, occasionally using ellipses for informal pauses.  
4. Address the reader directly (“you”) and include rhetorical questions for engagement (“get it?”).  
5. Add emphasis with bold or italics for critical points (e.g., *do not*, **GET TO IT**).  
6. Use parenthetical asides for extra commentary or clarifications (e.g., “(trust me)”).  
7. Break up content with bullet points or lists, and transition smoothly using casual cues (“So…,” “Now…”).  
8. Provide relatable examples and occasional references to known figures or platforms (like “MrBeast” or “VidIQ”).  
9. Include clear, step-by-step instructions or tips and encourage action with motivational language (“I recommend,” “go for it”).  
10. End with a concise call to action or a brief preview of what’s next to maintain engagement and continuity.",9.0,"Your text closely mirrors the casual, direct style of the benchmark, maintaining a friendly, conversational spirit and addressing the audience in a similar tone. The key points are intact and the meaning remains clear, though you might refine a few transitions to align even more seamlessly with the benchmark’s pace and flow.",6,1
11,1,"Write the content in a friendly, conversational tone that remains approachable without excessive slang. Preserve essential details from the original text and ensure thorough coverage of key points. Follow these style and structure guidelines:

1) Tone: Keep it informal, personable, and encouraging, but avoid overusing colloquialisms or slang.  
2) Register: Balance accessible language with relevant industry terms like “lead magnet” or “VidIQ,” explaining them briefly if needed.  
3) Sentence Structure: Use mostly short and medium-length sentences to maintain clarity and a natural flow.  
4) Vocabulary: Opt for straightforward word choices, reinforcing key terms without repeating them excessively.  
5) Pacing: Space out information with brief pauses or transitional phrases; allow the reader time to absorb each concept.  
6) Clarity: Give explicit, step-by-step instructions or explanations. Avoid ambiguity by providing concise context where needed.  
7) Engagement: Address the reader directly using “you,” employ occasional rhetorical questions, and maintain an upbeat, encouraging feel.  
8) Examples: Incorporate both real-world and hypothetical examples to illustrate main points and enhance understanding.  
9) Instructional Focus: Emphasize practical takeaways and logical steps, preserving detailed guidance for strategies and tips.  
10) Persuasiveness: Base arguments on clear reasoning and (where appropriate) personal insights. Keep emotional appeals minimal yet supportive.  
11) Cohesion: Maintain smooth transitions between ideas; link sections logically to guide readers from one topic to another.  
12) Emphasis Techniques: Use short sentences or light capitalization for emphasis sparingly—ensure these moments feel intentional, not distracting.  
13) Completeness: Retain every crucial concept from the original text. Do not omit essential points, and adhere to the overall structure and flow.  

Use this approach to produce an output that closely matches the informal but informative style seen in the stylized example.",8.2,"The text captures much of the benchmark’s casual, straightforward style and uses similar conversational markers, maintaining a good rhythm overall. It also preserves the key facts and logic from the original text, but could benefit from more short, punchy phrasing and occasional rhetorical questions to fully match the benchmark’s style.",1,4
12,1,"Transform the text into a lively, conversational style that preserves meaning while adding playful flair. Use these guidelines:

• Write informally, using contractions (“we’ve,” “you’re”) and occasional slang or colloquialisms.  
• Keep sentences short, varied, and punchy. Include rhetorical questions and emphatic language (“absolutely,” “killer,” “trust me”) to energize the narration.  
• Directly address the reader with personal opinions (“I think,” “in my opinion,” “I recommend”).  
• Use imperatives and informal punctuation (ellipses, dashes) to convey pauses and informality.  
• Maintain all original points, steps, and logic, but sprinkle in dramatic emphasis (“really,” “totally,” “so…”) to match the dynamic tone.  
• Balance clarity and humor, ensuring the text remains understandable and engaging without overusing slang.",8.2,"The candidate text captures the friendly, direct tone of the benchmark with a slightly more energetic and humorous flair. It preserves all the essential points on identifying the ICP, referencing MVPs, and using real-world examples like Apple and Harley-Davidson. Overall, it’s a strong fit, with just a bit more punchy language than the benchmark style.",1,3
13,1,"Rewrite the neutral text so it mirrors the casual, dynamic style of the provided stylized example. Use a conversational, informal tone with short, sometimes fragmented sentences, direct address, and playful language. Emphasize key points with repeated phrases or questions, and occasionally inject personal opinions or asides. Incorporate contractions, informal expressions, and a clear breakdown of pros and cons to match the example’s structure. Maintain the original content while elevating it with dramatic flair—think fun, energetic, and engaging.",7.4,"Overall, the candidate’s style is energetic and informal, which aligns partly with the benchmark’s casual tone but introduces a more playful flair. The main points and structure are preserved well, but dialing back the extra slang and punchiness could make it more aligned with the benchmark’s voice while keeping the content accurate.",2,3
14,1,"Rewrite the provided text following these guidelines:

1) Use a casual, conversational tone with contractions (e.g., “we have” → “we’ve,” “you are” → “you’re”).  
2) Simplify vocabulary and sentence structure; aim for short, direct sentences.  
3) Engage the reader personally, using “you” and rhetorical questions (“Why?” “See what I mean?”).  
4) Insert occasional personal asides or quick anecdotes where natural (“trust me, I’ve done this before”).  
5) Use informal transitions and ellipses to mimic a spoken flow (“So…,” “Anyways…”).  
6) Emphasize important points with repetition, italics, or bold text (e.g., “niche within a niche within a niche,” or *do not*).  
7) Incorporate lively phrasing and relatable references (“cool,” “you get it”).  
8) Break down complex ideas into bullet points or lists for clarity.  
9) Keep slang moderate—lightly playful but not overly comedic.  
10) Wrap up with a brief summary or teaser for what’s coming next, maintaining the friendly, informal style.",9.0,"The candidate text strongly mirrors the easygoing, direct style of the benchmark, using rhetorical questions, short paragraphs, and a conversational tone. It also effectively preserves all core ideas about the value of niching and the supporting examples. For an even closer style match, consider adding more playful, elongated words and repeated emphasis to fully align with the benchmark’s voice.",6,7
15,2,"1. **Tone**: The stylized text adopts a more conversational and informal tone, using expressions like “sounds a bit harsh” and directly engaging the reader with phrases like “trust me.” In contrast, the normalized text maintains a factual and professional tone throughout.

2. **Register**: The stylized text uses a lower register, employing colloquial language, contractions, and informal phrases such as “cool” and “trust me.” The normalized text employs a higher register with formal language and more structured sentences.

3. **Sentence Structure**: The stylized text frequently uses shorter, fragmented, or run-on sentences, often starting with conjunctions or interjections. For example, sentences like “So… short form is a nono” and “Okay… if you want to maximize YouTube” reflect this style. The normalized text features more complex, grammatically complete sentences.

4. **Vocabulary Choice**: The stylized text incorporates informal, casual vocabulary and slang, such as “nono,” “okay,” and “get to it.” The normalized text employs precise, technical vocabulary fitting for a professional context.

5. **Use of Contractions**: Contractions are more prevalent in the stylized text, with phrases like “we’ve” and “they’re.” The normalized text generally uses full forms like “we have” and “they are.”

6. **Direct Address and Personalization**: The stylized text often directly addresses the reader, using second-person pronouns and rhetorical questions, engaging the reader personally. The normalized text remains more impersonal and objective, focusing on delivering information.

7. **Rhetorical Devices**: The stylized text uses rhetorical questions (“Why?”), direct appeals, and repetition to emphasize points and engage the reader, while the normalized text relies on structured argumentation without such devices.

8. **Informality and Casualness**: The stylized text is marked by informal expressions, casual punctuation (e.g., ellipses, dashes), and a conversational flow, as seen in “Little friction” and “You get it.” The normalized text is more formal and straightforward.

9. **Narrative Style**: The stylized text takes an anecdotal, narrative-driven approach, incorporating personal opinions and asides. The normalized text focuses on clear, factual delivery without personal insertions.

10. **Punctuation and Formatting**: The stylized text often uses dashes, ellipses, and varied sentence breaks to create a conversational rhythm, as seen in “So… short form is a nono” and “But one of the maxims of sales is…”. The normalized text uses standard punctuation for clarity and precision.",8.6,"You’ve matched the casual, conversational vibe of the benchmark quite well, using questions and a friendly tone to engage the reader. Nearly all key points from the original are retained, though a bit more alignment with the benchmark’s exact pacing and phrasing could tighten the style match. Overall, great personalization and thorough coverage of the content.",8,8
16,2,"Rewrite the text in a lively, casual style that feels both playful and conversational. Use these guidelines:

• Contractions and occasional slang (e.g., “that’s,” “kinda,” “trust me”).  
• Short, punchy sentences mixed with rhetorical questions.  
• Directly address the reader with personal opinions (“I think,” “in my opinion”) and asides (“trust me, I’ve done this”).  
• Use informal transitions (like “so…,” “anyways…”) and ellipses to mimic spoken flow.  
• Keep all original points and logic but add dramatic emphasis and repetition (e.g., “you *really* need this,” “niche within a niche within a niche”).  
• Use bullet points or lists for complex ideas.  
• Emphasize important words or phrases with italics or bold text.  
• Keep slang moderate, but sprinkle in elongated or playful words (“absolutely,” “reeeally,” “killer”) for extra flair.  
• Wrap up with a quick summary or teaser, maintaining the friendly, informal vibe.",9.0,"The candidate text captures the playful, direct style effectively while preserving key points. The comedic tone, rhetorical questions, and second-person perspective closely match the benchmark, and the main ideas remain intact. One suggestion is to incorporate more repeated phrases or linguistic flourishes to fully align with the benchmark’s style.",12,14
17,2,"Rewrite the text in a lively, conversational style that balances energy with clarity. Use contractions, short punchy sentences, and a friendly, direct tone. Occasionally drop in mild slang or playful phrases—nothing too over-the-top. Include rhetorical questions, personal asides (“I think,” “in my opinion”), and imperatives to address the reader. Keep the original points, structure, and logic intact, but add touches of enthusiasm and dramatic emphasis (like “really,” “totally,” “so…”) to bring it closer to the provided example’s tone without veering into overly heavy slang or extra punchiness.",8.6,"Strong stylistic alignment with a conversational and upbeat tone, mirroring the benchmark’s informal nature. The content is well-preserved, covering the key points on objection handling and the middle segment of prospects. Consider slightly dialing back the hype to more closely match the benchmark’s balanced tone and pacing.",12,13
18,2,"Rewrite the neutral text so it closely mirrors the casual, dynamic style of the provided example. Keep the tone friendly and conversational, with short (and sometimes fragmented) sentences, direct address (“you”), and the occasional rhetorical question. Avoid excessive slang, but maintain an upbeat, informal vibe. Emphasize key points with brief repeats or questions, and use personal asides sparingly to add warmth. Preserve the original content and structure, ensuring thorough coverage of each concept. Maintain clarity by spacing out ideas with short transitions and step-by-step explanations. Keep the text engaging, easy to follow, and aligned with the example’s fun yet informative style.",8.6,"The candidate text closely matches the casual, direct tone and structure of the benchmark, effectively using rhetorical questions and references. It preserves most key points about LinkedIn, Gary Vee, and Hormozi’s approaches, though it slightly abbreviates details on platform independence and friction. Overall, it’s a strong adaptation that would benefit from adding a bit more detail on ownership and platform nuances.",13,11
19,2,"Rewrite the neutral text so it closely reflects the casual, friendly style of the provided example. Use these guidelines:

• Tone & Energy: Keep it upbeat and personable—use contractions (“it’s,” “we’re”), direct address (“you,” “we”), and the occasional informal phrase (“nono,” “cool,” “trust me”), but don’t overdo exclamations or slang.  
• Sentence Variety: Mix short, punchy lines with a few longer, more explanatory sentences. It’s fine to begin sentences with “And,” “But,” or “So.”  
• Clarity & Completeness: Preserve all key points, offering clear explanations and step-by-step details where needed. Highlight major ideas with quick, emphatic statements (e.g., “Little friction,” “Short form is a nono”).  
• Readability: Balance friendly, everyday language with relevant terms like “VidIQ” or “lead magnet.” Briefly explain such terms if it helps the reader.  
• Engagement: Address the reader directly using rhetorical questions and inclusive language. Maintain a welcoming tone, but avoid excessive enthusiasm—keep it warm and genuine.  
• Flow: Link ideas smoothly with short transitions or pauses. Emphasize practical tips, pros and cons, and any important how-to steps in a straightforward way.  
• Style Refinements: Stay conversational without veering into over-enthusiasm. Occasionally inject punchy statements to grab attention but keep the overall voice relaxed, clear, and approachable.",8.8,"Your text captures the casual, direct style of the benchmark quite well with short paragraphs and rhetorical questions. The content is mostly accurate, though some specifics were condensed. Overall, it’s a strong adaptation with room to include more concrete examples and references.",9,11
20,2,"Rewrite the text so it mirrors the casual, friendly tone of the stylized example, while keeping it lively and playful. Follow these guidelines:

• Write informally and use contractions (“we’re,” “they’re,” “it’s”). Drop in occasional slang or informal expressions (“trust me,” “nono,” “cool”), but don’t go overboard.  
• Mix short, punchy sentences with a few longer ones for flow, and don’t be afraid to start sentences with “But,” “So,” or “And.”  
• Address the reader directly, using questions, personal opinions (“I recommend,” “in my opinion”), and rhetorical flourishes (“really,” “totally,” “so...”).  
• Use informal punctuation—ellipses, dashes—to convey a friendly pause or aside. Keep exclamations in check to avoid over-enthusiasm.  
• Maintain all original points and logic. Add small highlights for key ideas (like lead magnets, short-form vs. long-form content) with quick statements (“Little friction,” “Short form is a nono”).  
• Aim for an approachable, humorous feel—balancing clarity, personal tone, and a dash of dramatic emphasis without overwhelming the content.",8.7,"You’ve captured a friendly, enthusiastic style similar to the benchmark while retaining all the core points about pricing strategy and retainers. Minor tweaks to tone could align it even more closely with the benchmark’s level of casualness, but overall it preserves meaning very accurately and maintains an energetic, engaging delivery.",12,9
21,2,"Rewrite the neutral text so it aligns with the stylized example by following these steps:

1. Use a casual, friendly tone with contractions (e.g., “we’re,” “it’s”)—avoid heavy slang but feel free to drop expressions like “nono” or “trust me.”  
2. Vary sentence length for a natural flow, allowing occasional starts with “So,” “And,” or “But.”  
3. Simplify formal phrases into everyday language (“talked about” instead of “discussed”).  
4. Address the reader directly with personal pronouns (“you,” “we”) and add rhetorical questions (“Got it?”) to keep them engaged.  
5. Highlight key ideas or warnings with brief statements (“Little friction,” **short form is a nono**) and use italics or bold for emphasis.  
6. Use parenthetical asides for extra thoughts or clarifications (e.g., “(it’s super easy)”).  
7. Insert bullet points or lists, and transition smoothly with casual cues (“So…,” “Now…”).  
8. Include relatable references where fitting (like MrBeast or VidIQ), but keep them purposeful.  
9. Maintain a laid-back vibe without going overboard on enthusiasm—keep it upbeat yet natural.  
10. End with a concise wrap-up or call to action, and preview what’s next to keep readers interested.",9.1,"The candidate text closely mirrors the benchmark’s breezy, conversational style and direct approach, effectively incorporating rhetorical questions and a casual tone. It accurately preserves the critical points and logical flow from the neutral text, ensuring coherence and completeness. Adding a few more distinctive expressions and transitions from the benchmark style could enhance the match even further.",9,10
